id,user_id,用户昵称,微博正文,话题,转发数,评论数,点赞数,发布时间
4.83935E+15,1735924965,尔鱼我炸sunny,FIFA卡塔尔世界杯揭幕战-------O网页链接对于生活中很多事该看淡就要看淡了，瑞士喀麦隆不要执迷于过去，乌拉圭vs韩国乐观的活在未来，才是人生最好的活法，葡萄牙加纳其是到了这个年纪，也该明白这三个道理了，。,,0,0,0,2022/11/24 15:35
4.83935E+15,3210090747,我曾在那一角落遇蒲公英,我们将要开始世界杯最盛大的足球比赛，希望能让所有葡萄牙人感到骄傲和喜悦。”C罗还表示，没有什么是不可能的。#卡塔尔世界杯#11??24日18:00瑞士～喀麦隆葡萄牙～加纳推介（斯信）世界杯#好物推荐#,"卡塔尔世界杯,好物推荐",0,0,0,2022/11/24 15:35
4.83935E+15,7528279985,lllllyyyyyyyy333,我在蒙牛2022卡塔尔#世界杯#抽奖大转盘活动中获得68积分！快来和我一起做任务抽奖赢好礼吧！世界杯期间每进一球蒙牛还会送出1000箱奶，记得#无论谁进球都来找蒙牛#！O网页链接,"世界杯,无论谁进球都来找蒙牛",0,0,0,2022/11/24 15:35
4.83935E+15,2277250175,GuAn关郑,23卡塔尔世界杯-------O网页链接落红翩翩舞22，时光悄悄逐。问世间，谁能不向年华认输，只叫愁客一生感悟。乌拉圭vs韩国岁月就如同片片的落红般，划过人间的尘埃，,,0,0,0,2022/11/24 15:35
4.83935E+15,7298834314,短短栩,#近击卡塔尔#@金典SATINE哈哈哈这些小游戏让我更加感受到世界杯的氛围了，玩一玩小游戏，喝着金典奶，为世界杯加油,近击卡塔尔,0,0,0,2022/11/24 15:35
4.83935E+15,3795205035,大嘎吼-渣渣辉,梅西世界杯首球2022卡塔尔世界杯#我的秋日plog#L大嘎吼-渣渣辉的微博视频,我的秋日plog,0,0,0,2022/11/24 15:35
4.83935E+15,1665798255,凌V可依,一直很爱当年贺炜的一句话“你爱上一件事物，不是因为它的成败，而是它的气质！”入坑足球??是因为喜欢狮王卡恩够刚够血性！可近十几年的德国??，无论世界杯还是欧冠都让我深深怀疑还是不是我爱的那个德意志战车？除了在我爱的诺爸身上还能看到一点少得可怜的硬汉和铁血外（可小新一转眼也36了，可能最后一次世界杯了，还能跑对方禁区几次?），整个队踢得犹豫、软绵～完全没有了曾经会让你看比赛看到热血沸腾的那种快速运转、干净利落、大开大合、硬拼到底的气质～无锋也无后防（网友评论“前场绣花，后场稀烂”），也没了最拿手的定位球绝招，无论打什么队都让你提心吊胆，转眼十几年已经被这支德国队??虐得没脾气，速效救心丸都不用吃了～?（非球迷仅追星诺伊尔的鄙见，可能不仅是个人能力问题，也是训练和战术问题吧）无比好怀念当年那辆载着小新、k神、二娃、小猪、小媳妇、博阿滕、拉姆、戈麦斯……管他三七二十一，硬扛拼到底，一路向前狂奔的日耳曼战车呀～???德国球迷俱乐部#诺伊尔##卡塔尔世界杯#2022卡塔尔足球世界杯#德国vs日本#,"诺伊尔,卡塔尔世界杯,德国vs日本",0,0,0,2022/11/24 15:35
4.83935E+15,1433578417,跨海望日升,2022年卡塔尔世界杯一吉祥物拉伊卜走红“饺子皮”,,0,0,0,2022/11/24 15:35
4.83935E+15,1919291765,武汉铁路,#武铁微分享#【追梦大力神杯！今晚，#C罗出战#！】16年前，C罗首登世界杯赛场。今晚00：00，#葡萄牙对阵加纳#，C罗的第五次世界杯之旅即将启程，他将再次向大力神杯发起冲击！#C罗卡塔尔世界杯首秀#，一起期待！L人民日报的微博视频,"武铁微分享,C罗出战,葡萄牙对阵加纳,C罗卡塔尔世界杯首秀",0,0,0,2022/11/24 15:35
4.83935E+15,1619501602,脱力宇宙,卡塔尔世界杯Hj77.CC/世界杯/迈求一个人起码要在感情上失恋一次，在事业上失败一次，在选择上失误一次，才能真正的长大。所以，别怕输不起，一切来得及。推荐楼底与楼顶的风景，永远不同，谁也别羡慕谁。乌拉圭韩国,,0,0,0,2022/11/24 15:35
4.83934E+15,6156735356,正义小黄鸭,卡塔尔新晋网红-地铁男?#卡塔尔是懂指路的##世界杯预测#L正义小黄鸭的微博视频,"卡塔尔是懂指路的,世界杯预测",12,25,69,2022/11/24 15:00
4.83934E+15,5699428525,临潼检察,【#哪届世界杯吉祥物是你最爱#？】近日，卡塔尔世界杯吉祥物拉伊卜受到关注。历届世界杯吉祥物，哪个是你的青春记忆？戳视频↓↓一起回忆！L人民日报的微博视频,哪届世界杯吉祥物是你最爱,0,0,0,2022/11/24 15:00
4.83934E+15,1043320390,半岛晨报,【#乌拉圭vs韩国#，你看好哪队？】#直击卡塔尔世界杯#今日21:00，韩国迎战乌拉圭。沙特、日本两支亚洲均在世界杯首秀中成为亚洲之光，那么韩国队能不能继续亚洲奇迹，乌拉圭vs韩国，你看好哪队？#世界杯预测##压力来到韩国这边#乌拉圭vs韩国，你看好哪队？,"乌拉圭vs韩国,直击卡塔尔世界杯,世界杯预测,压力来到韩国这边",0,0,293,2022/11/24 15:00
4.83934E+15,2733916771,开封市场监管,【今晚，#C罗五战世界杯#】18:00至凌晨，瑞士将对战喀麦隆，乌拉圭对战韩国，#葡萄牙迎战加纳#，目前世界排名第一的巴西对阵塞尔维亚。苏亚雷斯、卡瓦尼、孙兴O、C罗、内马尔等球星有望先后登场，其中，C罗将迎来个人第5次世界杯之旅。你最期待谁？关注#2022卡塔尔世界杯#！L央视新闻的微博视频,"C罗五战世界杯,葡萄牙迎战加纳,2022卡塔尔世界杯",0,0,0,2022/11/24 15:00
4.83934E+15,5121957471,ShanG-ZP,#世界杯预测##C罗第5次世界杯之旅##C罗说要让所有葡萄牙人骄傲#卡塔尔世界杯小组赛第1轮，今晚乌拉圭对韩国来预测一下本场你最看好哪支球队取胜，继沙特和日本之后还会继续爆冷门吗？乌拉圭对韩国本场你最看好哪支球队取胜？,"世界杯预测,C罗第5次世界杯之旅,C罗说要让所有葡萄牙人骄傲",0,1,1,2022/11/24 15:00
4.83934E+15,7012740989,咪咕娱乐,#卡塔尔世界杯官方用球叫什么#?周杰伦世界杯彩蛋足球知识大科普你们知道本届世界杯的官方用球叫什么吗？它的中文翻译又是什么意思？今晚就来周杰伦世界杯彩蛋探索Al?Rihla背后的黑科技，和周董一起涨知识啦～#世界杯预测##卡塔尔是懂指路的#L咪咕体育的微博视频,"卡塔尔世界杯官方用球叫什么,世界杯预测,卡塔尔是懂指路的",0,0,0,2022/11/24 15:00
4.83934E+15,5062278171,-落落还是落落-,我在蒙牛2022卡塔尔#世界杯#抽奖大转盘活动中获得288积分！快来和我一起做任务抽奖赢好礼吧！世界杯期间每进一球蒙牛还会送出1000箱奶，记得#无论谁进球都来找蒙牛#！O网页链接,"世界杯,无论谁进球都来找蒙牛",0,0,0,2022/11/24 15:00
4.83934E+15,7365095516,赣州蓉江新区,【追梦大力神杯！今晚，#C罗出战#！】16年前，C罗首登世界杯赛场。今晚00：00，#葡萄牙对阵加纳#，C罗的第五次世界杯之旅即将启程，他将再次向大力神杯发起冲击！#C罗卡塔尔世界杯首秀#，一起期待！L人民日报的微博视频,"C罗出战,葡萄牙对阵加纳,C罗卡塔尔世界杯首秀",0,0,0,2022/11/24 15:00
4.83934E+15,6064041106,楼上明h,泥嚎，偶是卡塔尔王子，因世界杯失利流落中国，v我50聆听我的复仇计划,,0,2,3,2022/11/24 15:00
4.83933E+15,6096574542,用户6096574542,我在蒙牛2022卡塔尔#世界杯#抽奖大转盘活动中获得188积分！快来和我一起做任务抽奖赢好礼吧！世界杯期间每进一球蒙牛还会送出1000箱奶，记得#无论谁进球都来找蒙牛#！O网页链接,"世界杯,无论谁进球都来找蒙牛",0,0,0,2022/11/24 13:59
4.83933E+15,5700336695,徐娜什么时候变富婆,虽然我不懂足球但我老公会踢内马尔#内马尔帅##卡塔尔世界杯#,"内马尔 帅,卡塔尔世界杯",0,2,3,2022/11/24 13:59
4.83933E+15,7728270349,新闻种草官,#为什么真的不建议你去赌球#【中纪委：#莫让赌球毁了年轻干部#】#中纪委发警告莫让赌球毁了年轻干部#11月24日，中央纪委国家监委网站发布了一篇题为《莫让赌球毁了年轻干部》的文章。文章指出，世界杯期间往往是赌球诈骗的高发期。眼下，2022年卡塔尔世界杯激战正酣，多地公安机关发布提示信息，呼吁网友远离网络赌球，一些视频网站也对涉及赌博导流的账号采取了封禁措施。记者梳理纪检监察机关近年来查处的违纪违法案例发现，因赌球迷失信仰、坠入贪腐深渊的党员干部并不鲜见。铲除赌球等歪风邪气的生存土壤，加强对年轻干部教育管理监督，依然任重道远。从涉赌经历看，这些年轻干部大多社会阅历不深、盲目乐观自信，尤其对网络赌球的危害认识不够，往往以“玩”的心态开启“赌”的大门。,"为什么真的不建议你去赌球,莫让赌球毁了年轻干部,中纪委发警告莫让赌球毁了年轻干部",0,0,0,2022/11/24 13:59
4.83933E+15,6857728452,春风小足,#世界杯#在韩国队的卡塔尔世界杯首战即将到来之际，韩国媒体也期待着孙兴O能够创造韩国球员在世界杯历史上的个人进球数新纪录。当前韩国球员在世界杯上的个人进球数纪录为3个，是由安贞焕、朴智星以及孙兴O共同保持。2002年韩日世界杯，安贞焕在对阵美国队的小组赛中扳平比分，对阵意大利的16强赛也完成破门，2006年德国世界杯上他再入一球。朴智星在韩日世界杯与葡萄牙的最后一场小组赛取得自己在世界杯的首个进球，而他在连续三届世界杯赛事中均贡献了进球。2014年巴西世界杯对阵阿尔及利亚的比赛中，孙兴O攻入了他在世界杯的首球。4年前的俄罗斯世界杯小组赛第2轮和第3轮比赛，孙兴O连续完成破门。,世界杯,0,1,0,2022/11/24 13:59
4.83933E+15,2292844073,wnechn,乌拉圭vs韩国葡萄牙，巴西迎来首战#卡塔尔世界杯#,卡塔尔世界杯,12,12,13,2022/11/24 13:59
4.83933E+15,6025738899,嗯今晚月光很美,10问针针见血卡塔尔世界杯也没说进场要提供48小时核酸证明，现在世界杯不照样正常进行香港资本主义制度，现在放开不也没啥事儿么三年了，也不知道我打的针有啥用，总算知道为啥有钱人都要去外国了看来任何一场战役都要通过流血才能解决，只不过流血在国内没有像国外那样干脆,,0,0,2,2022/11/24 13:59
4.83933E+15,6180554654,演绎微笑SQ,德国爆冷的背后#卡塔尔世界杯##德国vs日本#O网页链接,"卡塔尔世界杯,德国vs日本",0,1,0,2022/11/24 13:59
4.83933E+15,1929351707,绫熹今天恰莫斯,越不越位？“半自动”AI将亮相卡塔尔世界杯，在以往的足球比赛中，人们最担心的问题之一就是裁判误判越位，因为哪怕是一个轻微的失误判决都可能影响整场比赛的结果。不过现在好了，足球裁判将迎来一个强大的助手――人工智能。近日，国际足联在其官方网站宣布，今年冬天举行的国际足联卡塔尔世界杯将首次正式使用半自动越位判罚技术，该技术将利用人工智能来辅助主裁判做出更精准的越位判罚，最大程度降低越位误判情况的出现。其系统的运行路径可以拆分为两个关键步骤。首先，要确定进攻队员最后一脚传球的时间。这一方面主要依赖于本届卡塔尔世界杯的官方比赛用球AlRihla。其内置的惯性测量单元（IMU）传感器在数个柔软支架的支撑下被放置在了皮球内部的正中心，能够以每秒500次的频率向决策中心发送皮球的运行数据。国际足联技术与创新总监约翰内斯・霍兹米勒表示，该传感器可以实时发送皮球在多方向运行上的加速度信息，系统将根据皮球加速度的变化，自动判断出皮球离开进攻队员脚部的精准时间。在最为关键的画越位线环节，该系统主要依赖于布置在体育场屋顶下方的12个专用跟踪摄像头。它们将运用视频动作捕捉技术，跟踪每个球员身体上的29个相关部位，形成29个数据点，以每秒50次的频率，将包含位置、时间等信息的数据发送至决策中心。最后系统会将皮球传回的时间信息和摄像头跟踪得到的球员肢体位置信息进行整合、计算，得出最终的结果。虽然听起来有些复杂，但整个过程只需要3到4秒，裁判就可以得到一个由系统计算出的精确结果。而如果最终主裁判决定采纳该结果，系统就会通过运动员身体上29个数据点采集到的数据，借助3D人体姿态重建技术，自动生成一段3D动画，该动画将以最佳视角详细画出越位线的位置以及越位球员在接球时身体各部位的位置，并在体育场的巨型屏幕上及转播画面中播放，让球迷们看得“心服口服”。然而国际足联裁判委员会主席皮耶路易吉・科里纳反复强调，该方案之所以命名为“半自动越位判罚技术”，便是因为其只能为主裁判提供是否越位的参考结果，而无法做出最终判罚。#半自动越位识别系统靠谱吗#,半自动越位识别系统靠谱吗,1,0,1,2022/11/24 13:59
4.83933E+15,5944371870,绿色黄草营,#卡塔尔世界杯#《サッカ―訾巍明治S新’》（足球场上的明治维新）西塞罗撰文说：①不是德国踢得太差，而是日本改得太快。我们正在见证的，是一次球场上的“明治维新”。②但如果说当年输给比利时只能算是惜败，那么这次，日本队以同样的技战术水准、同样的小快灵，险胜同样“大马金刀”“黑白混编”的德国人，难道真的能算冷门么？③甚至说得不妨形象一点，日本人，正在迅速而不断地完成一次球场上的“明治维新”。通过一次次惜败、险胜、和赛后反思，一步步缩小他们与顶级强队的差距。@日本杂记,卡塔尔世界杯,0,0,2,2022/11/24 13:59
4.83933E+15,6781415979,百科事务所,【#日本赢球各国球迷祝贺中国小伙#小伙：我们的队没来】#世界杯精彩时刻#据@信号财经报道：11月24日，有网友发视频称，自己在卡塔尔的球迷广场看比赛，日本队2:1战胜德国队之后，各国球迷纷纷向他表示祝贺，他尴尬地跟球迷们解释自己是中国人。视频中，该男子向一位真正的日本人表示祝贺，并说自己真的非常羡慕他。他心酸的表示：“我们的队并没有来到世界杯，sosad。”L信号财经的微博视频,"日本赢球各国球迷祝贺中国小伙,世界杯精彩时刻",0,1,0,2022/11/24 13:59
4.83935E+15,7398778121,洲长2005,买下世界杯的卡塔尔，究竟是一个怎样的国家？#世界杯##卡塔尔##卡塔尔究竟是怎样的存在#全景历史地理的微博视频,"世界杯,卡塔尔,卡塔尔究竟是怎样的存在",0,0,0,2022/11/24 15:35
4.83935E+15,7745760310,有点马琪朵,#卡塔尔世界杯官方用球叫什么#相信今天晚上这就能给我们带来的这个世界的彩蛋有很多的惊喜等着我们的，都给我蹲起来,卡塔尔世界杯官方用球叫什么,0,0,0,2022/11/24 15:35
4.83935E+15,7596349027,音综那些事,#卡塔尔世界杯官方用球叫什么#终于让我等到了呀，周杰伦的世界杯彩蛋来了呀，你们是不是也和我一样开始迫不及待到晚上了呢？真的是好想立刻看到呢,卡塔尔世界杯官方用球叫什么,0,0,1,2022/11/24 15:35
4.83935E+15,5022920474,苏曼日语,#卡塔尔世界杯#本届的“日本球迷在世界杯捡垃圾”名场面高清图来了……（twi：gnudaikisika）,卡塔尔世界杯,0,0,1,2022/11/24 15:35
4.83935E+15,3178464252,#NAME?,FIFA卡塔尔世界杯揭幕战B柱---------葡萄牙坚定的信念是获取成功的动力。虽然本泽马错失机会在困难推荐面前，加纳也改不了他曾是C罗的最强伙伴如果我们能在众人都放弃时巴西再多坚持一秒，那么乌拉圭VS韩国，最后的胜利一定是属于片片落叶的。,,0,0,0,2022/11/24 15:35
4.83935E+15,5216273557,TB赛事策划,【#克罗地亚vs摩洛哥#】天博体育世界杯赛事报道：11月23日晚，2022年卡塔尔世界杯继续进行，F组的一场对决在海湾体育场展开，天博体育合作伙伴克罗地亚对阵摩洛哥。经过90分钟的激战，两队0比0战平。LTB赛事策划的微博视频,克罗地亚 vs 摩洛哥,0,0,0,2022/11/24 15:35
4.83935E+15,5654254535,凤凰名人馆,【凤凰连麦|卡塔尔举办世界杯体育助力能源外交】自#世界杯#开幕以来，中国企业与#卡塔尔#签署了工期协议，#中国石化#还与卡塔尔能源公司签署了为期27年的液化天然气长期购销协议，年供400万吨。而美国国务卿也对卡塔尔进行了访问，也希望包括卡塔尔在内的中东国家能够更多向欧洲供应能源，卡塔尔在体育界和政界都是世界的焦点。,"世界杯,卡塔尔,中国石化",0,0,0,2022/11/24 15:35
4.83935E+15,7169679897,超级无敌大铁拳,#c罗说要让所有葡萄牙人骄傲##c罗#C罗将迎卡塔尔世界杯首秀：想让所有葡萄牙人感到骄傲！L超级无敌大铁拳的微博视频,"c罗说要让所有葡萄牙人骄傲,c罗",0,0,0,2022/11/24 15:34
4.83934E+15,7764357939,养了两只狗的马术骑手,当不同的马儿踢足球时#马##有匹尼寇的张大琪##卡塔尔世界杯#L养了两只狗的马术骑手的微博视频,"马,有匹尼寇的张大琪,卡塔尔世界杯",1,3,11,2022/11/24 14:59
4.83934E+15,1604509295,连过五人000,葡萄牙球迷俱乐部今晚首秀现场见！#围观世界杯##卡塔尔世界杯#,"围观世界杯,卡塔尔世界杯",0,12,7,2022/11/24 14:59
4.83934E+15,7721554832,好心态第一名,2022卡塔尔足球世界杯乌拉圭3:1韩国世界杯#s12最强预言家##世界杯~乌拉圭~韩国#,"s12最强预言家,世界杯~乌拉圭~韩国",0,0,0,2022/11/24 14:59
4.83934E+15,3675657612,宁夏日报,#这届世界杯的看点#【#足球运动具有哪些文化意义#】11月20日，世界杯足球赛在卡塔尔拉开帷幕，这是球迷们四年一度的狂欢。世界杯首次移师阿拉伯地区，更使人们感受到足球竞技与阿拉伯风情的完美结合。那么足球运动具有哪些具体的文化意义呢？对于这个问题，当代英国作家尼克・霍恩比在他的长篇小说《极度狂热》中为我们提供了一些思考的方向。《极度狂热》是尼克・霍恩比的自传体小说，出版于1992年，被认为是足球文学的里程碑式作品。小说通过主人公尼克的视角，描写他与阿森纳足球队之间长达20多年的联系，透过尼克在一场场足球赛中的所见所闻、所思所想，探讨足球运动所包含的社会和文化方面的意义。@光明日报O足球运动的多重文化意义,"这届世界杯的看点,足球运动具有哪些文化意义",0,0,0,2022/11/24 14:59
4.83934E+15,6084033731,Ailsa养猫时光,猫咪换装卡塔尔小王子，饺子皮乱飞，还丢了罐头！#萌宠预测世界杯##萌宠初冬日记##新星v计划#LAilsa养猫时光的微博视频,"萌宠预测世界杯,萌宠初冬日记,新星v计划",0,0,0,2022/11/24 14:59
4.83934E+15,2843919153,拉萨古修哪,藏人言，参加社交要条件，灌好血肠要鲜血（??????????????????????????????????????????????????），这次卡塔尔为世界杯豪掷千亿绝对值得，这不是一个暴发户挥霍无度的冲劲。真所谓巾帼不让须眉，卡塔尔有今日都是靠想当年整个国家处于风口浪尖时挽狂澜于既倒，扶大厦之将倾的莫扎夫人之聪明才知。这位有着倾国倾城之美和护国兴邦之智的美女被中国人比喻成武则天和甄值取Ｖ灰她在，卡塔尔只有向世界物质文明的塔顶冲刺。,,0,0,2,2022/11/24 14:59
4.83934E+15,2803301701,人民日报,【追梦大力神杯！今晚，#C罗出战#！】16年前，C罗首登世界杯赛场。今晚00：00，#葡萄牙对阵加纳#，C罗的第五次世界杯之旅即将启程，他将再次向大力神杯发起冲击！#C罗卡塔尔世界杯首秀#，一起期待！L人民日报的微博视频,"C罗出战,葡萄牙对阵加纳,C罗卡塔尔世界杯首秀",162,249,1096,2022/11/24 14:59
4.83934E+15,6619289680,定西交通广播,11月24日，中央纪委国家监委网站发布了一篇题为《莫让赌球毁了年轻干部》的文章。文章指出，世界杯期间往往是赌球诈骗的高发期。眼下，2022年卡塔尔世界杯激战正酣，多地公安机关发布提示信息，呼吁网友远离网络赌球，一些视频网站也对涉及赌博导流的账号采取了封禁措施。记者梳理纪检监察机关近年来查处的违纪违法案例发现，因赌球迷失信仰、坠入贪腐深渊的党员干部并不鲜见。铲除赌球等歪风邪气的生存土壤，加强对年轻干部教育管理监督，依然任重道远。从涉赌经历看，这些年轻干部大多社会阅历不深、盲目乐观自信，尤其对网络赌球的危害认识不够，往往以“玩”的心态开启“赌”的大门。@定西同城,,0,0,0,2022/11/24 14:59
4.83934E+15,2423525135,pech1860,在卡塔尔的乌拉圭??球迷聚集在海滨的国际足联世界杯海报下，打出了一面乌拉圭国旗，唱着歌曲"SOYCELESTE"Lpech1860的微博视频,,0,0,3,2022/11/24 14:58
4.83934E+15,2569360232,最搞冷笑话,#世界杯预测#卡塔尔世界杯背后的女人：手握巨额财富，击败美日韩三国，拿下世界杯举办权，她是如何做到的#卡塔尔世界杯#L最搞冷笑话的微博视频,"世界杯预测,卡塔尔世界杯 ",3,2,7,2022/11/24 14:58
4.83933E+15,2430410367,范特西Footballer,#卡塔尔世界杯#亚洲两大球队纷纷爆种，现在压力来到了韩国队身上，乌拉圭??开始颤抖了吗？,卡塔尔世界杯,0,0,0,2022/11/24 13:59
4.83933E+15,1740907497,吕健中,#卡塔尔世界杯##乌拉圭vs韩国#投票乌拉圭vs韩国,"卡塔尔世界杯,乌拉圭vs韩国",1,0,507,2022/11/24 13:59
4.83933E+15,7458381266,导筒现场,《120万世界杯球迷为何不戴口罩？卡塔尔做了哪些努力？》来源于CC情报局，作者CC情报,,7,1,17,2022/11/24 13:59
4.83933E+15,1819758315,馨xyyyyy,德国球迷俱乐部卡塔尔世界杯加油,,0,0,0,2022/11/24 13:59
4.83933E+15,2156045842,吃瓜少女芒果酱,#卡塔尔是懂指路的#看看昨晚世界杯的帅哥04年的西班牙小奶狗球员加维L吃瓜少女芒果酱的微博视频,卡塔尔是懂指路的,2,1,80,2022/11/24 13:59
4.83933E+15,5506948558,包克松_172j_1980,19岁韩国音乐大赏20岁Billboard获奖，全美音乐奖登台表演21岁韩国最小年龄国家文化勋章授勋者22岁海外Sad?um巡演格莱美表演23岁B?llboardHot100一位，格莱美提名25卡塔尔世界杯开幕式表演，卡塔尔亲自邀请防弹少年团田郑国L包克松_172j_1980的微博视频,,0,0,0,2022/11/24 13:59
4.83933E+15,2993049293,央视体育,【C罗世界杯全进球】从2006年世界杯的点射破门，到2018年世界杯对阵摩洛哥的头球破门，4届世界杯，C罗共打入7球。C罗表示：“我们将要开始世界上最盛大的比赛，希望能让所有葡萄牙人感到骄傲和喜悦。”2022年卡塔尔世界杯很可能是C罗的最后一届世界杯，他将创造怎样的奇迹？今晚24点，葡萄牙VS加纳，关注央视体育全平台，静待C罗登场！#葡萄牙VS加纳##C罗今夜登场#L央视体育的微博视频,"葡萄牙VS加纳,C罗今夜登场",6,0,36,2022/11/24 13:59
4.83933E+15,2658353915,青春石大,#世界杯随处可见中国元素#揭幕战入场仪式上的中国护旗手、乘专机抵达卡塔尔的大熊猫“京京”“四海”、中国企业承建的卡塔尔世界杯主体育场、热销的世界杯纪念品，赛场内外，有太多与中国相关的元素。中国元素，尽显中国智慧，中国力量！！（来源：@央视新闻）,世界杯随处可见中国元素,0,0,2,2022/11/24 13:59
4.83933E+15,2619007410,躺在云彩里,#世界杯开幕式##卡塔尔世界杯##头顶一块布全球我最富教你做卡塔尔帽子L躺在云彩里的微博视频,"世界杯开幕式,卡塔尔世界杯",0,0,0,2022/11/24 13:59
4.83933E+15,3516144031,明珠电视,【#2022卡塔尔世界杯##乌拉圭vs韩国#】沙特2:1阿根廷，日本2:1德国，#压力来到韩国这边#今晚最后一支亚洲球队韩国队能否击败乌拉圭呢？让我们拭目以待！韩国队和乌拉圭队，你看好哪个球队赢？,"2022卡塔尔世界杯,乌拉圭vs韩国,压力来到韩国这边",0,0,35,2022/11/24 13:58
4.83935E+15,1163705593,迷路的木子洋洋的爷,#卡塔尔世界杯小将崛起#英雄出少年这届世界杯的热血小将们好耀眼！00后初登世界赛场，奔跑在绿茵场上挥汗如雨，有被这份梦想的力量燃到！#世界杯预测##压力来到韩国这边#L迷路的木子洋洋的爷的微博视频,"卡塔尔世界杯小将崛起,世界杯预测,压力来到韩国这边",0,0,0,2022/11/24 15:35
4.83935E+15,6183820886,八卦小钢炮,【C罗说要让所有葡萄牙人骄傲】【一起看卡塔尔世界杯】【卡塔尔是懂指路的】沙特球队希望同时引进C罗和梅西，计划世界杯后开启对话沙特足协已做好准备工作，两位一年的薪资将不低于一亿欧元~L八卦小钢炮的微博视频,,0,0,0,2022/11/24 15:35
4.83935E+15,2551122101,罗恒茶吧,得说说去#卡塔尔#看#世界杯#的记者和球迷，为啥防护服也不穿了，口罩也不戴了，这是什么觉悟，核酸做了吗？有没有自觉隔离？,"卡塔尔,世界杯",0,0,0,2022/11/24 15:35
4.83935E+15,2762199014,远洋未来广场_北京,旋木时光|卡塔尔世界杯官方授权正品文创开始售卖！,,0,0,1,2022/11/24 15:35
4.83935E+15,1854563221,江南大学,江南大学#小鼋趣谈室#大家最近有看#世界杯#嘛？这一届世界杯由卡塔尔举办，那上一届是由哪个国家举办的呢请选择,"小鼋趣谈室,世界杯",0,0,5,2022/11/24 15:34
4.83935E+15,2184380302,玉林生活君,【#温州老板谈在义乌做世界杯生意#比在老家赚钱轻松】2022年卡塔尔世界杯火热进行中，世界杯随处可见中国元素，其中义乌制造几乎占世界杯周边商品市场份额近70%。对此，来自温州的义乌奖牌奖杯商家叶德模表示，自己家是从父辈就开始做，做了40多年。16年前来到了义乌，一个14平方的档口，一年可以卖个千把万。叶德模说，义乌是一个生产富豪的地方。#中国球迷世界杯现场痛哭#L电商在线的微博视频,"温州老板谈在义乌做世界杯生意,中国球迷世界杯现场痛哭",0,0,0,2022/11/24 15:34
4.83935E+15,3908786319,AFC亚洲杯,他准备好了！?#乌拉圭vs韩国##世界杯上的亚洲时刻##2022卡塔尔世界杯##世界杯#,"乌拉圭vs韩国,世界杯上的亚洲时刻,2022卡塔尔世界杯,世界杯",0,1,4,2022/11/24 15:34
4.83935E+15,5176680721,满杯陈橙陈,#世界杯##卡塔尔世界杯小将崛起#别管我一整个爱住了,"世界杯,卡塔尔世界杯小将崛起",0,0,0,2022/11/24 15:34
4.83935E+15,5720998328,灼年59963,#卡塔尔世界杯#大伙今晚压哪边,卡塔尔世界杯,0,1,0,2022/11/24 15:34
4.83934E+15,3562276267,潍坊环保,【卡塔尔974体育场：#中国制造的世界杯乐高积木乐园#】世界杯历史上第一个完全可拆卸的室内足球场！974体育场由974个中国生产的集装箱搭建而成，就像是用乐高积木拼砌而成的一样！一起来探访世界杯“积木乐园”吧~#世界杯预测##世界杯#L梨视频的微博视频,"中国制造的世界杯乐高积木乐园,世界杯预测,世界杯",0,0,0,2022/11/24 14:58
4.83934E+15,7310744124,c新dotdotnews,#世界Ay#【#毫淼巾n@#Od民或化身蝙蝠b迎趵圭】卡塔世界今晚（24日）21r⒂趵圭n的比，n社蟮溃n主保_本托在前者上表示，早前眼眶骨折而受的LOd民可以出疬@鲑事，K表示他已m面部o具。此前，有媒w拍z到Od民佩戴「蝙蝠b」面具M行，K有可能戴着@面具亮相世界首秀。O网页链接#C_f要所有葡萄牙人傲#,"世界Ay,毫淼巾n@,C_f要所有葡萄牙人傲",1,0,1,2022/11/24 14:58
4.83934E+15,6345978067,一个资深的融资策划师,一个十几亿人口的国家，人口总和比卡塔尔世界杯所有参赛国人数总和还多，竟然数十年打不进世界杯决赛圈，真是替印度感到脸红。。,,0,0,0,2022/11/24 14:58
4.83934E+15,2097014371,新疆图书馆,【有声・推荐】科技与创新：中国智造闪耀卡塔尔世界杯主球场,,1,0,1,2022/11/24 14:58
4.83934E+15,5747111453,樱玲奈久,有坐私人飞机去长卡塔尔看世界杯的吗？我们预计是10个人，现在还有2个空位，一周内从上海出发，直飞卡塔尔。如果感兴趣请给我留言，报名的人必须拥有私人飞机，不然我们去不成。#世界杯##卡塔尔世界杯#,"世界杯,卡塔尔世界杯",0,1,0,2022/11/24 14:58
4.83934E+15,5231110730,浙江应急管理,#世界杯吉祥物拉伊卜是这样诞生的#【2个月改了8版#世界杯的饺子皮是这样诞生的#】11月20日晚，万众瞩目的卡塔尔世界杯拉开帷幕，吉祥物拉伊卜在开幕式上亮相，其活泼灵动、时尚简约的外观，活像一只追逐绿茵场的“饺子皮”。随着“世界杯时间”的到来，东莞制造也走向台前，吸引了全球目光。11月23日，记者来到拉伊卜的“中国故乡”，探访拉伊卜的二次开发和制作团队。（NBD视频）LNBD视频的微博视频,"世界杯吉祥物拉伊卜是这样诞生的,世界杯的饺子皮是这样诞生的",0,0,0,2022/11/24 14:57
4.83934E+15,5341977481,胖娱鸭鸭,球星搞笑名场面，内马尔被苏牙戏弄，梅西旁边看热闹内马尔梅西c罗苏牙卡塔尔世界杯L胖娱鸭鸭的微博视频,,0,1,2,2022/11/24 14:57
4.83934E+15,5326606292,泉师易班,#2022卡塔尔世界杯#火热进行时赛场内外，中国元素随处可见：揭幕战入场仪式上的中国护旗手、乘专机抵达卡塔尔的大熊猫“京京”“四海”、中国企业承建的卡塔尔世界杯主体育场、热销的世界杯纪念品……大家快来和小易一起观看世界杯，发现更多#世界杯随处可见中国元素#吧,"2022卡塔尔世界杯,世界杯随处可见中国元素",0,2,1,2022/11/24 14:57
4.83934E+15,7711597775,快乐福灯体育,#C罗失业对葡萄牙队并非坏事#近期的采访风波，加上和曼联的解约，让球迷不禁为C罗在世界杯的表现捏了把汗咪咕嘉宾刘勇：这对于葡萄牙队来说不是坏事，早些让场外的声音停止，这样才能全身心投入世界杯的备战#C罗今晚会取得进球吗##近击卡塔尔#L咪咕体育的微博视频,"C罗失业对葡萄牙队并非坏事,C罗今晚会取得进球吗,近击卡塔尔",0,0,0,2022/11/24 14:57
4.83933E+15,1740907497,吕健中,#卡塔尔世界杯##瑞士vs喀麦隆#投票瑞士vs喀麦隆,"卡塔尔世界杯,瑞士vs喀麦隆",1,0,737,2022/11/24 13:58
4.83933E+15,6370058568,胆王老郑,发布了付费专栏《世界杯付费专栏》的文章：《周四014世界杯：乌拉圭VS韩国》#卡塔尔世界杯#O周四014世界杯：乌拉圭VS韩国,卡塔尔世界杯,0,0,0,2022/11/24 13:58
4.83933E+15,1659893422,小凡好摄,蓬佩猪继续煽动：“伊朗国家队在世界杯上表现出了真正的勇气。我们与他们和伊朗人民站在一起反对伊朗政府。”此前，#伊朗#VS英格兰，在赛前播国歌环节，出场的伊朗队员集体拒绝唱国歌。#卡塔尔世界杯##黄媒不会说的真相#,"伊朗,卡塔尔世界杯,黄媒不会说的真相",9,25,62,2022/11/24 13:58
4.83933E+15,1280581912,熊人的那些事_G1级,FIFA官方昨晚放出了2022世界杯主题曲之一，《Dreamer》的完整版MV，以下为双语字幕版这首歌由BTS成员田凸，与卡塔尔歌手FahadAl-Kubaisi共同演绎，说实话听着还不错，是目前发布的几首主题曲里最好听的一首了。LYouTube精选的微博视频,,0,0,1,2022/11/24 13:58
4.83933E+15,1919119227,神秘的熊猫2011,#你好卡塔尔#这次的世界杯没有怎么看。如果是在单位封控，肯定要看的。在家里，确实没什么时间。,你好卡塔尔,0,0,0,2022/11/24 13:58
4.83933E+15,7157657106,温情金蚂蚁,卡塔尔世界杯，日本球迷顺便捡垃圾值得敬佩。但没必要踩着座椅捡啊，小孩不懂事踩上去无话可说，但大人也跟着踩上去。L温情金蚂蚁的微博视频,,0,0,0,2022/11/24 13:58
4.83933E+15,6990023038,谖谖瑷瑷缓缓,#田凸世首帅##田凸卡塔尔世界杯开幕式舞台#“有人住高楼，有人在深沟，有人光万丈，有人一身锈;世人千万种，浮云莫去求，斯人若彩虹，遇上方知有”,"田凸世首帅,田凸卡塔尔世界杯开幕式舞台",0,0,1,2022/11/24 13:57
4.83933E+15,7157657106,温情金蚂蚁,卡塔尔世界杯，日本队赢球，兴奋的日本球迷们穿鞋踩上座椅欢呼。L温情金蚂蚁的微博视频,,0,0,0,2022/11/24 13:57
4.83933E+15,2343287033,亚洲经济,【“太极虎”迎战“绿茵屠夫”四万“红魔”街道助威韩国队世界杯首战】韩国时间24日晚10点，卡塔尔世界杯小组赛H组将迎来首轮比赛，韩国队将迎战南美劲旅乌拉圭队。虽然赛前韩国队不被看好，足球专业数据网站Opta预测韩国战胜乌拉圭的概率仅为24.9%，但仍无法阻挡韩国球迷为“太极虎”加油助威的热情，传说中的“红魔”啦啦队时隔4年集结街头，让警方等相关部门绷紧神经，为吸取梨泰院踩踏事故的惨痛教训，防止人员过度密集可能导致的安全隐患，警方制定万全对策，确保市民安全。#压力来到韩国这边#据韩国警方消息，在韩国队和乌拉圭队小组赛当晚，预计将有4万多名球迷聚集在全国12处为国家队加油助威。为防止发生安全事故，警方将抽调机动队和特种部队维持现场秩序。在光化门广场将部署41名警官和8组机动队，将广场划分多个区域，防止球迷在某个地点过度拥挤，实时观测人流聚集情况，控制人流密度。警方预测，当天将有1.5万名市民聚集在光化门广场助威，水原世界杯足球场将聚集2万名市民，仁川松岛国际会展中心和全罗北道全州大学体育场分别有1000名和2000名市民现场助威。此外，在全罗北道益山市民公园、群山罗云洞、大邱庆北大学、大田忠南大学体育馆、忠北大学剧场、庆尚北道安东大学中央广场、岭南大学等各处也将有数百人参与街道助威。警方将与各地政府、助威活动主办方联手，从比赛开始前对地铁站口、舞台周边、坡道等存在安全隐患的地点进行周密检查。还将部署特种部队，对爆炸物品进行搜查，防范恐怖袭击。助威活动结束后，为防止人员集中流动，将按照区域划定散场路线。附近商业区也将部署机动队，为助威结束后聚餐的球迷们提供安全的环境。警方呼吁市民积极进行协助，按照警方引导自觉遵守秩序，确保街头助威可以安全举行。韩国足球队主帅保罗・本托在日前举行的记者会上透露，队长孙兴O将佩戴脸部护具出战与乌拉圭的比赛，黄喜灿因大腿受伤恐难上场。能否在比赛中打破韩国队的“南美魔咒”引发关注，韩国在历届世界杯上与南美球队交手，成绩一平四负，其中两次迎战乌拉圭均告负。但本届世界杯小组赛中，沙特、日本等亚洲球队爆冷击败阿根廷和德国队，令韩国队员信心倍增。,压力来到韩国这边,0,0,1,2022/11/24 13:57
4.83933E+15,7457339208,霓虹大哥大,#卡塔尔是懂指路的#哪一届世界杯是你的青春？L哇塞给力的微博视频,卡塔尔是懂指路的,0,0,0,2022/11/24 13:57
4.83935E+15,3109954557,新黄海,又被卡塔尔世界杯壕到了，总奖金达4.4亿美元L新黄海的微博视频,,0,0,0,2022/11/24 15:33
4.83935E+15,6618161287,阿喵喵日记,#卡塔尔世界杯官方用球叫什么#终于等到了，今晚们一起跟周董涨知识了，不得不说是真的挺好奇的，一定不要错过呀,卡塔尔世界杯官方用球叫什么,0,0,0,2022/11/24 15:33
4.83935E+15,6988453437,最爱榴莲欧包,谁懂啊？抽了7张英格兰6张德国和5张西班牙才拿到一张阿根廷#卡塔尔世界杯##阿根廷队加油#,"卡塔尔世界杯,阿根廷队加油",0,0,1,2022/11/24 15:33
4.83935E+15,7624522694,沛儿-,电视剧南风知我意2022卡塔尔世界杯赛程是1120-1218。那么，12月22日，冬至这天，南风会踏雪而会来吧。@优酷,,0,0,0,2022/11/24 15:33
4.83935E+15,6364398993,十里温柔一,2022卡塔尔足球世界杯2022年FIFA世界杯官方授权商品创新炫彩工艺章章精工雕版一见粉球球天天好心情颜值很哇塞收藏价值五颗星银行内部渠道比某宝某东划算很多哦,,0,0,0,2022/11/24 15:33
4.83935E+15,5165692485,大柚柚微博,卡塔尔王子表情包#世界杯#L大柚柚微博的微博视频,世界杯,0,0,0,2022/11/24 15:33
4.83935E+15,6716480894,阿克塞新闻,全球连线｜卡塔尔世界杯吉祥物和纪念品产自“世界工厂”东莞O全球连线｜卡塔尔世界杯吉祥物和纪念品产自“世界工厂”东莞,,0,0,0,2022/11/24 15:33
4.83935E+15,2808518423,正经谈政经,#中国球迷世界杯现场痛哭#这一届世界杯，沙特、日本，先后上演“亚洲风暴”，战胜了阿根廷与德国。同样是亚洲球队、亚洲人种，同样的身体条件，为什么别人行，我们就不行？日本自1998年首次进入世界杯决赛圈，在此之后的的2002年（韩日世界杯东道主）、2006年、2010年、2014年、2018年以及本届卡塔尔世界杯，日本从未缺席过。日本足球为什么进步这么快，这个问题我觉得并不需要多么专业就能看得出来，日本足球强的原因，就是我们弱的原因。日本的足球环境以及对青训的重视程度，都是我们比不上的。日本经过这二三十年的发展，人才涌现，据说有400多人分布在欧洲各级联赛，位置遍及前、中场、后场甚至门将，其中比较著名的如富安健洋、远藤航、廉田大地、南野拓实等，而反观我们呢？我们在欧洲赛场的独苗武磊，也已经归国――我们是真没人了。职业的没人，业余的也不行。和足球小将那些动漫演的差不多，日本很注重学校联赛，从初中到大学的比赛普及度都很高，尤其是高中联赛，据统计参赛队伍能多达4000支，每一届的决赛圈，更是能吸几万名球迷入场观战，几十家电视台对比赛进行转播。而反观国内，校际间的比赛屈指可数，很多都是所谓“足球传统校”之间象征性的杯赛，比完拉倒。缺乏持续的训练就罢了，连以赛代练都做不到，怎么培养业余青年人才呢？更何况，国内一些学校视体育运动，尤其是足篮球这种搞对抗性的运动为毒草，足球只可作为体测的道具，却决不能成为球场上的主角――一切都得给高考让路。而说到日本高中联赛的上座率，其实我们就算用中超联赛的上座率与之相比都相形见绌。不客气的说，最近三年，中超所有球队的上座率都成问题，而在2019年之前，也有……??点击下方??阅读全文??O都是亚洲国家，日本行，凭什么我们不行？对不起，确实就是不行……#微博新知博主#,"中国球迷世界杯现场痛哭,微博新知博主",14,20,37,2022/11/24 15:33
4.83935E+15,2662619151,新京报体育,【#中国志愿者在世界杯上的一天#】2022年卡塔尔世界杯上，有来自世界各地的众多志愿者提供志愿服务，今年23岁的张依伊便是其中一员，她也是一名来自中国的大学生。卡塔尔世界杯荷兰对阵塞内加尔的比赛，她承担起在场外引导球迷的工作，并用视频记录下自己的一天。#世界杯#L新京报体育的微博视频,"中国志愿者在世界杯上的一天,世界杯",0,11,1,2022/11/24 15:33
4.83935E+15,2259880587,内蒙古广播电视台,#卡塔尔是懂指路的#这几天世界杯在互联网上最火的人竟然是一位地铁引导员小哥凭借魔性的口音意外爆红网络引来世界各国球迷打卡合拍被网友戏称为“世界杯最新吉祥物”...#世界杯花式打call大赛##宝藏二创榜#L见过世面的微博视频L见过世面的微博视频,"卡塔尔是懂指路的,世界杯花式打call大赛,宝藏二创榜",0,0,0,2022/11/24 15:33
4.83934E+15,2629084652,泉州校园,【#福建大学生世界杯沉浸式体验#】男版大学生世界杯体验来了！一样的丝滑连招，这个世界杯会不会更精彩呢？#当福建高校遇上光绘##福建小伙晒出卡塔尔住宿条件#L福州校园的微博视频,"福建大学生世界杯沉浸式体验,当福建高校遇上光绘,福建小伙晒出卡塔尔住宿条件",0,0,1,2022/11/24 14:56
4.83934E+15,6034862870,xxin日记,#卡塔尔世界杯#内马尔真的好帅！！！被圈粉了,卡塔尔世界杯,0,1,1,2022/11/24 14:56
4.83934E+15,6779884271,最火剧综,卡塔尔世界杯，比饺子皮更出圈的是小王子，一群人喊着去和亲,,0,1,0,2022/11/24 14:56
4.83934E+15,5388677746,动感地带M-zone,#卡塔尔世界杯官方用球叫什么#周杰伦世界杯彩蛋足球知识大科普：世界杯的官方用球叫什么今晚来周杰伦世界杯彩蛋探索AlRihla背后的黑科技，和他一起涨知识吧～#世界杯预测##乐动元宇宙潮玩世界杯#L咪咕体育的微博视频,"卡塔尔世界杯官方用球叫什么,世界杯预测,乐动元宇宙 潮玩世界杯",0,0,0,2022/11/24 14:56
4.83934E+15,3840768703,工人日报,#工人日报e网评#【我们为什么依然热爱世界杯？】这是一届特殊的世界杯：疫情并未散去，东道主的举办资格和能力从一开始就存在争议，北半球冬天举办的时间节点不仅让球员感觉疲惫（正处于欧洲联赛举办期），而且让观众也感觉怪怪的：世界杯从来就是和夏天、冰镇啤酒联系在一起的，而来自卡塔尔世界杯的消息显示，全部8座球场以及周边区域都禁售酒精饮料。然而所有这一切，都无碍球迷的忘情投入。据估算，世界杯期间，常住人口只有280万人的卡塔尔将涌入120万外国游客和球迷。多哈街头的球迷村，集装箱式房间只有16平米，每天租金高达1400元人民币，但即便如此，依然供不应求。在充满不确定的世界里，足球世界杯还是那味迷人的解药。（工人日报）O网页链接O我们为什么依然热爱世界杯？,工人日报e网评,2,0,0,2022/11/24 14:56
4.83934E+15,2676050237,亚瑟王妃,#卡塔尔世界杯小将崛起#加维是真的好帅啊，04年的新晋小将，真的是颜值与实力并存的，好优秀#世界杯预测#L亚瑟王妃的微博视频,"卡塔尔世界杯小将崛起,世界杯预测",0,0,0,2022/11/24 14:56
4.83934E+15,1762189653,快乐哈哩,#沙特王储用私人飞机送球员治伤#【王室待遇沙特王储下令用私人飞机送受伤球员去德国治疗】在北京时间22日晚卡塔尔世界杯首轮阿根廷队VS沙特队比赛的最后时刻，沙特队后卫沙赫拉尼因在争球过程中与本队门将相撞，受伤离场。经诊断，沙赫拉尼下颚骨折。据外电报道，沙特王储本・萨勒曼已安排其私人飞机送沙赫拉尼赴德国接受进一步治疗。而赛后几个小时，沙赫拉尼通过社交平台发布了一段有关自己身在医院的视频，向所有关心他的人报平安。#沙特后卫视频报平安#L直新闻的微博视频,"沙特王储用私人飞机送球员治伤,沙特后卫视频报平安",0,0,1,2022/11/24 14:56
4.83934E+15,1912964267,长沙晚报,【今晚，#C罗五战世界杯#】18:00至凌晨，瑞士将对战喀麦隆，乌拉圭对战韩国，#葡萄牙迎战加纳#，目前世界排名第一的巴西对阵塞尔维亚。苏亚雷斯、卡瓦尼、孙兴O、C罗、内马尔等球星有望先后登场，其中，C罗将迎来个人第5次世界杯之旅。你最期待谁？关注#2022卡塔尔世界杯#！（央视新闻）L央视新闻的微博视频,"C罗五战世界杯,葡萄牙迎战加纳,2022卡塔尔世界杯",0,0,1,2022/11/24 14:56
4.83934E+15,7259972276,柴帕粥ongoo_,卡塔尔世界杯26号英格兰和美国大家怎么看,,0,0,0,2022/11/24 14:56
4.83934E+15,1668216997,微博发现,#聚焦卡塔尔世界杯2022#【#多哈连连看VLOG#?|跟着特派记者，一起来一趟“#沉浸式采访世界杯#”！】记者现场采访一场世界杯比赛，整个流程是怎么样的？今天不妨就跟着羊城晚报特派记者的解说和镜头，一起来一次“沉浸式采访世界杯”吧～L羊城晚报的微博视频,"聚焦卡塔尔世界杯2022,多哈连连看VLOG,沉浸式采访世界杯",0,0,0,2022/11/24 14:56
4.83933E+15,1874271142,烟台广播电视台,【#山东足球版花饽饽来了#独特的仪式感】11月23日，山东烟台。女子把足球做成馒头，32块皮子一块不少。慢慢长大的足球治愈你了吗，熬夜看世界杯“足球馒头”吃起来，去不了卡塔尔，咱们可以自己在家做个足球馒头啊。网友：黑的是正五边形，白的是正六边形……#世界杯#L烟台广播电视台的微博视频,"山东足球版花饽饽来了,世界杯",0,0,0,2022/11/24 13:57
4.83933E+15,1644909431,旗扬时事,这次卡塔尔世界杯，基本就是卡塔尔人出钱出人去申办，中国收钱出人去承办。中国除了赚钱，还在全世界宣传、扬名。中卡都是赢家。,,2,4,48,2022/11/24 13:57
4.83933E+15,3557395992,泰安环境,【#网友开启拉伊卜DIY大赛#】随着卡塔尔世界杯的进行，吉祥物拉伊卜也火出圈。近日，不少网友开启了“拉伊卜DIY”大赛，英俊版、梦幻版、真饺子版、拿来凑数版……哪个萌到你了？L人民视频的微博视频,网友开启拉伊卜DIY大赛,1,1,1,2022/11/24 13:57
4.83933E+15,5586031399,忠进国际货运,暴风雨来袭！建议球迷室内观看巴西队首场世界杯比赛期待已久的2022卡塔尔世界杯巴西队首场比赛于24日（巴西利亚时间）举行。球迷朋友们需要注意了，据巴西天气网站Tempo消息，24日全国大部分地区都将迎来暴风雨天气。巴西网站“olhardigital”报道，尽管11月24日并非巴西公共假期或可选节假日，但很多学校和企业会在当天提供更灵活的上课或上班时间。为了不错过巴西队的比赛，每一分钟都很重要，但坏天气可能会破坏看球计划。网站Tempo指出，本周巴西南部地区一直存在冷锋，这可能导致24日大多数地区出现降雨。目前南方的气温已经开始下降。东南部和中西部地区可能在24日迎来本周最大一次降雨。在圣保罗州（S?oPaulo）、里约热内卢州（RiodeJaneiro）和米纳斯吉拉斯州（MinasGerais），当日还可能出现冰雹和风暴天气。预计本次天气变化不会对巴西国内其他地区产生严重影响。建议上述地区球迷取消当日的户外派对和看球计划，改为室内活动。除电视直播、环球电视频道（Globo）和体育频道（SportTV，付费电视）外，巴西居民还可通过其他方式观看世界杯直播。在流媒体平台中，电视网站“环球点播”（Globoplay）与视频网站“油管”（YouTube）卡塞米罗（Casimiro）直播间均可为巴西球迷提供比赛直播服务。巴西球迷可直接通过Globoplay网页或者手机、平板电脑和智能电视的相关应用程序观看比赛直播。通过Globo观看比赛者无需订阅，但需要提前创建一个免费帐户。如果选择通过某个SportTV频道看球赛，那么需要支付49.9雷亚尔（有效期1个月）订阅直播服务。如果家中没有安装智能电视或电视盒，那么居民可以使用Chromecast或FireTVStick投影工具将直播画面投放到电视屏幕上。这种形式可能造成一定时间的延迟，观看者可能在看到进球之前就听到邻居的欢呼声，但画面质量很好。#忠进国际货运代理#公司简介：O网页链接,忠进国际货运代理,0,0,0,2022/11/24 13:57
4.83933E+15,3085312083,谈娱记,贝克汉姆算不算是英格兰最成功的足球运动员？看看卡塔尔世界杯上主办方给到他的地位便知一二。球员时期的小贝曾获得金球奖的第2名，而同时期甚至是近二十几年来唯一一位获得金球奖的英格兰球员欧文，无论是在知名度还是退役后的发展来看都无法与万人迷相提并论。我一直都在思考一个问题就是贝克汉姆为何退役后不愿意走上执教的道路，但是自从他成为了迈阿密的老板后就大概明白了些许原因。而此番作为卡塔尔世界杯的形象大使，小贝将获得过亿的收入，也就是说他的商业价值确实远远超过了其竞技价值。,,0,0,0,2022/11/24 13:57
4.83933E+15,1974576991,环球时报,【#90后干部因赌球欠债近2000万#】#90后干部赌球流水账目打印近两包A4纸#24日，中央纪委国家监委网站发文：眼下，2022年卡塔尔世界杯激战正酣，多地公安机关发布提示信息，呼吁网友远离网络赌球。记者梳理纪检监察机关近年来查处的违纪违法案例发现，因赌球迷失信仰、坠入贪腐深渊的党员干部并不鲜见。“90后”干部钟桢就因赌球欠债近2000万元，仅打印其流水账目就使用了近两包A4纸。后其面对催债压力，通过违规开具“无房证明”等手段，收取房产中介及其客户的“好处费”，给国家税收造成严重损失。铲除赌球等歪风邪气的生存土壤，加强对年轻干部教育管理监督，依然任重道远。（中央纪委国家监委网站）,"90后干部因赌球欠债近2000万,90后干部赌球流水账目打印近两包A4纸",34,42,97,2022/11/24 13:56
4.83933E+15,1582965732,孙幽可yoke,好孝顺啊#卡塔尔世界杯#2022卡塔尔足球世界杯,卡塔尔世界杯,0,1,0,2022/11/24 13:56
4.83933E+15,2023791210,原来如此bot,#卡塔尔是懂指路的#24部豆瓣8分以上世界杯相关的电影和动漫。每一项竞技体育，都是人类在向自己的极限发起挑战。4年一届的世界杯已经开锣，你支持哪支球队？,卡塔尔是懂指路的,0,0,0,2022/11/24 13:56
4.83933E+15,6855539576,红通通的小太阳,这是经验所?天花乱坠，不如精准到位迈进一步，选择更多#世界杯预言家已上线##卡塔尔世界杯#,"世界杯预言家已上线,卡塔尔世界杯",0,4,0,2022/11/24 13:56
4.83933E+15,7794867054,魔力圈圈・,#市值380亿你质疑我广告是p的#笑死现在骑雅迪去卡塔尔还来得及吗？雅迪有世界杯buff！今年名场面太多了！！#西班牙净胜球赢麻了#,"市值380亿 你质疑我广告是p的,西班牙净胜球赢麻了",0,0,0,2022/11/24 13:56
4.83935E+15,6605403021,说唱殿堂,答应我一定不要饭后观看哦！“中超搞笑名场面之丢人现眼”#2022卡塔尔世界杯##足球#L说唱殿堂的微博视频,"2022卡塔尔世界杯,足球",0,0,0,2022/11/24 15:34
4.83935E+15,1895697240,福州日报,【今晚，#C罗五战世界杯#】18:00至凌晨，瑞士将对战喀麦隆，乌拉圭对战韩国，#葡萄牙迎战加纳#，目前世界排名第一的巴西对阵塞尔维亚。苏亚雷斯、卡瓦尼、孙兴O、C罗、内马尔等球星将先后登场，其中，C罗将迎来个人第5次世界杯之旅。你最期待谁？关注#2022卡塔尔世界杯#！（via央视新闻）L央视新闻的微博视频,"C罗五战世界杯,葡萄牙迎战加纳,2022卡塔尔世界杯",0,0,0,2022/11/24 15:34
4.83935E+15,3977973716,温江服务,【#卡塔尔世界杯24日比赛看点#↓↓一起期待！】北京时间11月24日夜间，2022年卡塔尔世界杯将迎来小组赛第一轮最后四场比赛。众星云集的葡萄牙对阵加纳队，C罗能否收获进球？世界排名第一的巴西队将迎战塞尔维亚队，赛前内马尔强调不要轻视对手。亚洲区最后一支球队韩国队首次亮相对阵乌拉圭队，压力来到韩国这边。此外还有瑞士队对阵喀麦隆队，一起期待！,卡塔尔世界杯24日比赛看点,0,0,0,2022/11/24 15:34
4.83935E+15,7699938346,主播木木mumu,亚洲荣耀能否延续？凌晨c罗领衔葡萄牙首秀，五星巴西登场#2022卡塔尔世界杯##小嘉追球##日本爆冷胜德国#L主播木木mumu的微博视频,"2022卡塔尔世界杯,小嘉追球,日本爆冷胜德国",0,0,0,2022/11/24 15:33
4.83935E+15,1760203754,萧山日报,【#网友开启拉伊卜DIY大赛#】随着卡塔尔世界杯的进行，吉祥物拉伊卜也火出圈。近日，不少网友开启了“拉伊卜DIY”大赛，英俊版、梦幻般、真饺子版、拿来凑数版……哪个萌到你了？（来源：人民视频）L人民视频的微博视频,网友开启拉伊卜DIY大赛,0,0,0,2022/11/24 15:33
4.83935E+15,7747358559,感觉有点冷的,#卡塔尔世界杯官方用球叫什么#可以说今天的快乐都是周杰伦给我带来的，很期待今天晚上他给我们带了这些足球知识,卡塔尔世界杯官方用球叫什么,0,0,0,2022/11/24 15:33
4.83935E+15,1667942985,长三角之声,#聊聊世界杯#【#世界杯#竟与天气有关？】2022年卡塔尔世界杯正在如火如荼的进行中。你知道这次为何在冬季举办世界杯吗？卡塔尔独特的气候对哪些球队来说会是挑战？甚至球队的战术风格也和天气息息相关？快听邬博士来一一揭秘→《#邬博士风云录#》L长三角之声的微博视频,"聊聊世界杯,世界杯,邬博士风云录",0,0,0,2022/11/24 15:33
4.83935E+15,3182279457,钱报_嘉兴,#钱眼观世#【乌拉圭?韩国大战在即】一起来看看??乌拉圭的定妆照拍摄花絮！?放松心态，赛场拼搏！庆祝的pose已经摆好，谁今晚会在#卡塔尔世界杯#舞台上展现招牌庆祝动作？?今晚#FIFA世界杯#比赛，一起期待他们的表演！LFIFA世界杯的微博视频,"钱眼观世,卡塔尔世界杯,FIFA世界杯",0,0,0,2022/11/24 15:33
4.83935E+15,7591345044,综艺片段,#卡塔尔世界杯官方用球叫什么#准备了吧，今晚一起来看吧，就是说这一次世界杯的官方用球到底叫什么呢？一起来get吧，晚上一起来看周杰伦的世界杯彩蛋吧,卡塔尔世界杯官方用球叫什么,0,0,0,2022/11/24 15:33
4.83934E+15,5768276057,豆豆中最可爱的那个,#世界杯##卡塔尔世界杯#2022卡塔尔足球世界杯#瑜伽#高弓步扭转??♀?????♂?,"世界杯,卡塔尔世界杯,瑜伽",0,1,1,2022/11/24 14:56
4.83934E+15,2249520950,宣城市人民政府发布,【高燃！#C罗世界杯全进球回顾#】#C罗4届世界杯共打入7球#从2006年世界杯的点射破门，到2018年世界杯对阵摩洛哥的头球破门，4届世界杯，C罗共打入7球。C罗表示：“我们将要开始世界上最盛大的比赛，希望能让所有葡萄牙人感到骄傲和喜悦。”2022年卡塔尔世界杯很可能是C罗的最后一届世界杯，今晚将迎来C罗世界杯首秀，他将创造怎样的奇迹？#C罗说要让所有葡萄牙人骄傲##这是C罗最后一届世界杯了#L央视体育的微博视频,"C罗世界杯全进球回顾,C罗4届世界杯共打入7球,C罗说要让所有葡萄牙人骄傲,这是C罗最后一届世界杯了",0,0,0,2022/11/24 14:56
4.83934E+15,1563372971,骑牛小姐,2022年卡塔尔世界杯小组赛E组比赛打响，首场德国队对阵日本队的比赛堪称焦点之战。先入1球的德国队遭遇逆转，最终以1比2不敌日本队。#德国vs日本#,德国vs日本,0,0,0,2022/11/24 14:56
4.83934E+15,2891416631,matemia,这位就是在卡塔尔世界杯上击败阿根廷的沙特阿拉伯主教练勒纳尔，在更衣室给球员讲解战术，旁边的翻译同传。脑补了一下他在世界杯中场休息时的画面，如果也是这样下达对阿根廷下半场战术的话真是太恐怖了。#围观世界杯##阿根廷队#Lmatemia的微博视频,"围观世界杯,阿根廷队",0,12,54,2022/11/24 14:56
4.83934E+15,6346505469,大榕树在运动,#C罗说要让所有葡萄牙人骄傲#、#C罗#葡萄牙队即将迎来卡塔尔世界杯首秀之际，C罗坦言，想让所有葡萄牙人感到骄傲。希望可以实现！加油,"C罗说要让所有葡萄牙人骄傲,C罗",0,1,0,2022/11/24 14:56
4.83934E+15,3074181393,津彩青春,致敬绿茵场上的热爱与勇气！曾经“死”过5分钟的他，戴着心脏除颤器重返世界杯赛场！（新华每日电讯）#世界杯##一起看卡塔尔世界杯#L津彩青春的微博视频,"世界杯,一起看卡塔尔世界杯",0,1,2,2022/11/24 14:56
4.83934E+15,6055523646,唉不唉cm,#卡塔尔世界杯#《都世界杯了，还不知道卡塔尔？》第二十二届足球世界杯开幕。筹备本届世界杯2200亿美元的投入。卡塔尔本国公民仅有33万人。少到都无法坐满本届世界杯的八个体育场。伊朗迅速向卡塔尔提供食品援助O网页链接,卡塔尔世界杯,0,1,0,2022/11/24 14:56
4.83934E+15,6004682316,秦哥观天下,#卡塔尔世界杯#27个小时里，一模一样的剧本，连续上演了两次，只是换了一拨“演员”。,卡塔尔世界杯,0,1,2,2022/11/24 14:56
4.83934E+15,1644114654,新京报,【#今晚C罗五战世界杯#】18:00至凌晨，瑞士将对战喀麦隆，乌拉圭对战韩国，#葡萄牙迎战加纳#，目前世界排名第一的巴西对阵塞尔维亚。苏亚雷斯、卡瓦尼、孙兴O、C罗、内马尔等球星有望先后登场，其中，C罗将迎来个人第5次世界杯之旅。你最期待谁？#关注2022卡塔尔世界杯#(央视新闻)L央视新闻的微博视频,"今晚C罗五战世界杯,葡萄牙迎战加纳,关注2022卡塔尔世界杯",4,1,13,2022/11/24 14:56
4.83934E+15,2117508734,中国气象局,【与世界杯有关的冷知识】为了降温，卡塔尔人真是给出了科技与狠活！本届世界杯的八大场馆大多坐落在东西轴线上。白天有太阳时，可以保证球场和看台能享受最大的阴凉范围。教育城体育馆被设计成了一颗发光的钻石，菱形格纹的外立面具有超高的阳光反射率，场地也建设得略低于地面，可以控制场内温度。至于沃克拉体育场，棚顶可伸缩，能在半小时之内完成闭合，能将观众区的温度降到18°C。#象博士说科普#,象博士说科普,1,2,9,2022/11/24 14:55
4.83933E+15,2885786782,甜甜甜甜甜倒牙啦,石头剪刀布第十四期丨世界杯开始了！~小石头必须来参加一下呀！#足球##石头剪刀布##世界杯##卡塔尔世界杯#L甜甜甜甜甜倒牙啦的微博视频,"足球,石头剪刀布,世界杯,卡塔尔世界杯",0,1,0,2022/11/24 13:56
4.83933E+15,7275147264,想了半天a,韩国vs乌拉圭，买哪一个比较OK！还会爆冷吗#世界杯##卡塔尔世界杯#,"世界杯,卡塔尔世界杯",0,1,0,2022/11/24 13:56
4.83933E+15,6351317189,鞍山广播电视台,#美好辽宁欢迎您#【世界杯点燃球迷激情】22日晚，位于立山区的一家餐馆里，球迷们激情呐喊，享受着世界杯看球、聊球的快乐。随着卡塔尔世界杯的开赛，一些球迷组团到餐馆看球，一边品尝美食一边欣赏着世界杯，成为冬季世界杯的一种消费新趋势。详情点击链接：O世界杯点燃球迷激情,美好辽宁欢迎您,0,0,0,2022/11/24 13:56
4.83933E+15,6294982059,易美齿科,果然?好，笑起来就很治愈#世界杯##卡塔尔世界杯#,"世界杯,卡塔尔世界杯",0,1,0,2022/11/24 13:56
4.83933E+15,1747505942,CLF财视频,【打开#世界杯看球新模式#：左手鲜啤右手枸杞】#世界杯看球左手鲜啤右手枸杞#冬日气温逐渐降低，足球热情愈发升温。进入世界杯时间，与朋友们一同围炉吃火锅、看球赛，正在成为当下极具中国特色的世界杯新风尚。卡塔尔世界杯是首次在北半球冬季举行的世界杯，且大量赛事集中在北京时间的晚间时段。数据显示，近段时间以来，半成品火锅、鲜啤以及熬夜滋补食品销量大幅增加。O打开世界杯看球新模式：左手鲜啤右手枸杞,"世界杯看球新模式,世界杯看球左手鲜啤右手枸杞",20,39,161,2022/11/24 13:56
4.83933E+15,5999375074,豆豆个豆包,#加纳球衣撞衫外卖小哥#加纳队员的训练视频，我还以为是美团外卖小哥在场上训练呢，（内心iOS:美团果然是一支神秘的组织），哈哈哈，他们穿着美团球衣非常有喜感，很搞笑满满的中国文化的输出呀。希望加纳队在卡塔尔世界杯上勇往直前，取得佳绩！加油！,加纳球衣撞衫外卖小哥,0,0,0,2022/11/24 13:56
4.83933E+15,5315849725,女主马小娴-,2022卡塔尔足球世界杯L女主马小娴-的微博视频,,0,1,0,2022/11/24 13:56
4.83933E+15,2360741593,大龄傻姑娘,#钩针图解#卡塔尔世界杯吉祥物拉伊卜2,钩针图解,0,0,0,2022/11/24 13:56
4.83933E+15,7211638748,粉笔巧克力,卡塔尔举办#世界杯#的理由,世界杯,0,1,7,2022/11/24 13:56
4.83933E+15,1847123567,香港商缶W,#世界杯#【H组预告|C朗登场葡萄牙质高势赢加纳】#卡塔尔世界杯#北京时间11月24日夜间上演的卡塔尔世界杯H组首轮赛事，由#C朗#领军的葡萄牙将会出战加纳。葡萄牙刚仗热身赛以4比0大胜尼日利亚，来得及时，有助提升球员信心和士气，首战面对另一非洲球队加纳，势能先拔头筹。葡萄牙在2016年欧国杯以不败绩夺冠后，来到上届世杯及去年夏天的欧国杯，都于16强止步，表现回落。C朗回巢曼联的第2季阵上演出大幅下滑，外界都怀疑他能否在最后一次世杯之旅中带领葡萄牙争取好成绩。周二传来了他与曼联达成终止合约的共识，这对于C朗及葡萄牙而言都是好消息，有助专心备战今届赛事。(MY)O网页链接,"世界杯,卡塔尔世界杯,C朗",0,0,3,2022/11/24 13:56
4.83935E+15,7487951353,偷偷的吃烧烤,Areyouready？！#卡塔尔世界杯#,卡塔尔世界杯,0,0,1,2022/11/24 15:33
4.83935E+15,3183182864,衡阳禁毒,#为什么真的不建议你去赌球#【中纪委：#莫让赌球毁了年轻干部#】#中纪委发警告莫让赌球毁了年轻干部#11月24日，中央纪委国家监委网站发布了一篇题为《莫让赌球毁了年轻干部》的文章。文章指出，世界杯期间往往是赌球诈骗的高发期。眼下，2022年卡塔尔世界杯激战正酣，多地公安机关发布提示信息，呼吁网友远离网络赌球，一些视频网站也对涉及赌博导流的账号采取了封禁措施。记者梳理纪检监察机关近年来查处的违纪违法案例发现，因赌球迷失信仰、坠入贪腐深渊的党员干部并不鲜见。铲除赌球等歪风邪气的生存土壤，加强对年轻干部教育管理监督，依然任重道远。从涉赌经历看，这些年轻干部大多社会阅历不深、盲目乐观自信，尤其对网络赌球的危害认识不够，往往以“玩”的心态开启“赌”的大门。（中国日报）,"为什么真的不建议你去赌球,莫让赌球毁了年轻干部,中纪委发警告莫让赌球毁了年轻干部",0,0,0,2022/11/24 15:33
4.83935E+15,2714029801,身w生命,中午吃饭，先生把手机拿到饭桌上来，打开相关卡塔尔世界杯比赛的视频，两个娃娃就在那儿边吃边看。我很不满，叫他以后吃饭的时候不准把手机拿到饭桌上来。不是不准孩子看相关的视频，是不想他们吃饭的时候分心。吃完饭以后可以去看。严格来说，刚吃完饭后都不要看电子产品。但是孩子中午的时间很紧。破例。前段时间老大还和先生讨论乌克兰的的问题。我对这些事情没兴趣。即使关乎到我的事情，一无决策权，二无建议权，我只是被通知执行的对象。声声入耳，事事关心，这些交给那些有大能量的人去干。,,0,0,0,2022/11/24 15:33
4.83935E+15,7003576468,加央藏文化,卡塔尔世界杯#内马尔##巴西??#内马尔加油加油??巴西加油??今晚3点不见不散,"内马尔,巴西??",0,0,0,2022/11/24 15:33
4.83935E+15,7309113253,硬核娱乐,#卡塔尔世界杯官方用球叫什么#好有意思呀，谁能不说一句，对于这一次周杰伦给我们带来的世界杯足球彩蛋充满着好奇呢，他又会给我们分享什么样的知识呢？一起来听他的科普吧，晚上我们不见不散,卡塔尔世界杯官方用球叫什么,0,0,0,2022/11/24 15:33
4.83935E+15,1981833634,青春师大,卡塔尔世界杯吉祥物拉伊卜的表情包来啦！小可爱们快来看看有没有自己喜欢的吧～（图源：@人民日报）,,0,0,2,2022/11/24 15:33
4.83935E+15,2289219342,缘来有你窝的世界,#卡塔尔世界杯##日本大叔说下次轮到中国赢德国#卡塔尔.拉依博.逼格博斯.瘦肉小王子,"卡塔尔世界杯,日本大叔说下次轮到中国赢德国",0,0,1,2022/11/24 15:33
4.83935E+15,2371012871,青志本稚,#稚话趣谈#卡塔尔世界杯吉祥物、超可爱的拉伊卜表情包来啦，大家喜欢哪个呢,稚话趣谈,0,1,1,2022/11/24 15:33
4.83935E+15,2363595982,007SamHo,FIFA卡塔尔世界杯揭幕战B竹------O网页链接一万个美丽的未来，抵不上一个瑞士喀麦隆温暖的现在;每一个真实的现在，都是我们曾经幻想的未来，愿你爱上现在，梦见未来。,,0,0,0,2022/11/24 15:33
4.83935E+15,2827102952,湖北日报,#和我一起看2022世界杯#【#世界杯#大阅兵・H组洲际冠军之组，复仇之组】说是洲际冠军之组，是因为这四支球队都获得过洲际杯赛的冠军；但历史肯定不如复仇之组有意思，这两对冤家之间的梁子结得可不善。#一起看卡塔尔世界杯#葡萄牙和韩国自不必说，是2002年世界杯开始的。当年葡萄牙拥有菲戈、鲁伊科斯塔等黄金一代，被众人一直看好。结果小组赛上就被阻击，尤其是对韩国的小组最后一轮生死战，葡萄牙被罚下两人，0比1输给韩国被淘汰出局。当年坐在电视机前看球的C罗从此对韩国“青眼有加”，甚至闹出过到韩国的商业比赛拒绝出场的逸闻。只不过这种恩怨对有些人很重要，对有些人不重要。如今韩国队的主教练保罗・平托在国家队的最后一战就是那场尴尬的0比1。反倒是C罗如今江河日下，世界杯赛场上能不能最后风光一把全身而退，顺便在韩国身上来个圆满的循环，颇为值得一看。#C罗说要让所有葡萄牙人骄傲#乌拉圭和加纳的恩怨就更近了许多。2010年南非世界杯八强战中，加纳队凭借半个主场几乎就要杀进四强，但势在必进的球被乌拉圭前锋苏亚雷斯在门线上故意用手挡出。虽然被处以红牌加点球的极刑，但加纳队点球不中，随后又在点球大战中彻底崩溃，错失非洲历史上首次杀入四强的机会。此后苏亚雷斯大红大紫，而加纳足球在痛苦中沉沦。如今的加纳并没有多少值得期待的球员，阿森纳中场大将托马斯勉强算是一个，但在出线赔率上他们甚至还不如韩国。也许复仇一下同样有点青黄不接的乌拉圭是本届世界杯他们唯一的慰藉了。可惜难度不小，乌拉圭虽然也面临着球星老去的问题，但新一代已经有人成长起来。效力于皇马的巴尔韦德如今颇有大将风范，既能冲锋陷阵又能干点脏活累活；本坦库尔在热刺的表现也不比托马斯逊色。而苏亚雷斯和卡瓦尼的锋线组合虽然老了点，但利物浦的当红炸子鸡努涅斯随时可能跳出来一展身手，吃掉韩国和加纳其实颇有点把握。（湖北日报全媒记者郭晓明）,"和我一起看2022世界杯,世界杯,一起看卡塔尔世界杯,C罗说要让所有葡萄牙人骄傲",0,10,2,2022/11/24 15:32
4.83934E+15,2125461727,胸口碎大小石,中国队赢完了阿根廷，又赢了德国，我们赢麻了，不知道根本没出国门的男足最后会不会拿个冠军?！#卡塔尔世界杯##世界杯大冷门##中国男足#,"卡塔尔世界杯,世界杯 大冷门,中国男足",1,2,1,2022/11/24 14:54
4.83934E+15,2743749901,zuoer2743749901_346,#你好卡塔尔#@安慕希#你好卡塔尔#@安慕希世界杯终于开始了，最喜欢的球队就是阿根廷队，高中时教师讲梅西作为名人写作素材我开始喜欢梅西这个人，后来扩展到阿根廷队，虽然目前阿根廷队第一局不太理想一但我还是相信他们会反败为胜。快来和我一起支持阿根廷队吧！,你好卡塔尔,0,0,0,2022/11/24 14:54
4.83934E+15,1909192485,咸里格咸-Miles,这届世界杯，是阿拉伯国家举办的第一届，除了没有大赛经验的卡塔尔令人失望以外，其他几个阿拉伯国家表现其实都高于预期。沙特自不必说，爆了惊天大冷；突尼斯和摩洛哥从排名世界前十五的欧洲强队身上拿分也是以往很难做到的。除了亚洲球队，这些“主场”作战的阿拉伯球队后续表现也值得期待～,,0,0,0,2022/11/24 14:54
4.83934E+15,6101001140,Blingbling大,我不懂球但懂帅哥啊！德国队是全员模特吧！#世界杯##卡塔尔世界杯#LBlingbling大的微博视频,"世界杯,卡塔尔世界杯",0,0,0,2022/11/24 14:54
4.83934E+15,5121957471,ShanG-ZP,#压力来到韩国这边##这是C罗最后一届世界杯了##莫让赌球毁了年轻干部#卡塔尔世界杯小组赛第1轮，今晚瑞士对喀麦隆来预测一下本场你最看好哪支球队取胜，还会继续爆冷门吗。瑞士对喀麦隆本场你最看好哪支球队取胜？,"压力来到韩国这边,这是C罗最后一届世界杯了,莫让赌球毁了年轻干部",0,0,1,2022/11/24 14:54
4.83934E+15,7567268128,金川区融媒体中心,【#网友开启拉伊卜DIY大赛#】随着卡塔尔世界杯的进行，吉祥物拉伊卜也火出圈。近日，不少网友开启了“拉伊卜DIY”大赛，英俊版、梦幻般、真饺子版、拿来凑数版……哪个萌到你了？@人民视频L人民视频的微博视频,网友开启拉伊卜DIY大赛,0,1,1,2022/11/24 14:54
4.83934E+15,2639385354,Modi丶KanBall,11/24卡塔尔世界杯#瑞士vs喀麦隆#主胜温馨提示：当地比赛时间10:00少云+27°C赛场：阿尔加努布体育场（沃克拉）喀麦隆输掉了最近七场比赛（FIFA世界杯）,瑞士vs喀麦隆,0,0,2,2022/11/24 14:53
4.83934E+15,2249520950,宣城市人民政府发布,【今晚，#C罗五战世界杯#】18:00至凌晨，瑞士将对战喀麦隆，乌拉圭对战韩国，#葡萄牙迎战加纳#，目前世界排名第一的巴西对阵塞尔维亚。苏亚雷斯、卡瓦尼、孙兴O、C罗、内马尔等球星有望先后登场，其中，C罗将迎来个人第5次世界杯之旅。你最期待谁？关注#2022卡塔尔世界杯#！L央视新闻的微博视频,"C罗五战世界杯,葡萄牙迎战加纳,2022卡塔尔世界杯",0,0,0,2022/11/24 14:53
4.83934E+15,3539104821,赏夏常在,我在蒙牛2022卡塔尔#世界杯#抽奖大转盘活动中获得188积分！快来和我一起做任务抽奖赢好礼吧！世界杯期间每进一球蒙牛还会送出1000箱奶，记得#无论谁进球都来找蒙牛#！O网页链接,"世界杯,无论谁进球都来找蒙牛",0,0,0,2022/11/24 14:53
4.83934E+15,6344431877,水户天蝎,让全球都以一种看热闹的心态期待的比赛，PK谁干的过谁???#2022卡塔尔世界杯,,0,0,1,2022/11/24 14:53
4.83933E+15,2413398982,武汉老兵纹身,#卡塔尔世界杯#我左腿梅西，右腿c罗……卡塔尔世界杯期间，一名球迷将梅西和C罗的形象纹在了腿上,卡塔尔世界杯,0,2,2,2022/11/24 13:55
4.83933E+15,6232751507,愿你成为你自己的太阳1997,我在蒙牛2022卡塔尔#世界杯#抽奖大转盘活动中获得188积分！快来和我一起做任务抽奖赢好礼吧！世界杯期间每进一球蒙牛还会送出1000箱奶，记得#无论谁进球都来找蒙牛#！O网页链接,"世界杯,无论谁进球都来找蒙牛",0,1,0,2022/11/24 13:55
4.83933E+15,7523154738,祺祺哇2020,#一起看卡塔尔世界杯#拉伊卜怎么这么可爱,一起看卡塔尔世界杯,0,0,0,2022/11/24 13:55
4.83933E+15,3729609593,橙子VI7003,我在蒙牛2022卡塔尔#世界杯#抽奖大转盘活动中获得68积分！快来和我一起做任务抽奖赢好礼吧！世界杯期间每进一球蒙牛还会送出1000箱奶，记得#无论谁进球都来找蒙牛#！O网页链接,"世界杯,无论谁进球都来找蒙牛",0,0,0,2022/11/24 13:55
4.83933E+15,1913382117,深圳晚报,#举杯吧世界#【亚洲球队再爆冷！日本复制“沙特奇迹”2比1逆转德国】看了北京时间11月23日晚日本队逆转世界冠军德国队比赛的球迷都会大呼：这集看过。上半场德国队点球破门，下半场日本队连续换人并成功逆袭――这不就是前天沙特阿拉伯队击败阿根廷队的“剧本”吗？日本队为了拿到相同的“剧本”，付出的努力可不止一星半点，而这场胜利或许会加速日本足球“入欧”↓↓#世界杯进一个球究竟有多贵##直播世界杯哪个平台最精彩##世界杯##卡塔尔世界杯##世界杯预测#O亚洲球队再爆冷！,"举杯吧世界,世界杯进一个球究竟有多贵,直播世界杯哪个平台最精彩,世界杯,卡塔尔世界杯,世界杯预测",1,0,2,2022/11/24 13:55
4.83933E+15,1740907497,吕健中,发布了头条文章：《#卡塔尔世界杯#:#葡萄牙vs加纳#/#巴西vs塞尔维亚#》O卡塔尔世界杯:葡萄牙vs加纳/巴西vs塞尔维亚,"卡塔尔世界杯,葡萄牙vs加纳,巴西vs塞尔维亚",1,0,8,2022/11/24 13:55
4.83933E+15,3464880622,lintime_v,我在蒙牛2022卡塔尔#世界杯#抽奖大转盘活动中获得188积分！快来和我一起做任务抽奖赢好礼吧！世界杯期间每进一球蒙牛还会送出1000箱奶，记得#无论谁进球都来找蒙牛#！O网页链接,"世界杯,无论谁进球都来找蒙牛",0,0,0,2022/11/24 13:55
4.83933E+15,7598703591,要不还是多吃点吧,#卡塔尔世界杯赛程表#请问有带裁判的赛事表吗毕竟我还是想给中国人加油的没有参赛的队员有裁判我也可以给裁判加油的,卡塔尔世界杯赛程表,0,0,1,2022/11/24 13:55
4.83933E+15,5449334139,麦穗视频,#男子酒后复盘球赛把狗当球员训#卡塔尔世界杯正在如火如荼地进行中，这届世界杯你最看好谁？今年的世界杯你觉得谁能夺冠？,男子酒后复盘球赛把狗当球员训,30,100,165,2022/11/24 13:55
4.83933E+15,3729609593,橙子VI7003,我在蒙牛2022卡塔尔#世界杯#抽奖大转盘活动中获得188积分！快来和我一起做任务抽奖赢好礼吧！世界杯期间每进一球蒙牛还会送出1000箱奶，记得#无论谁进球都来找蒙牛#！O网页链接,"世界杯,无论谁进球都来找蒙牛",0,0,0,2022/11/24 13:55
4.83935E+15,7720651752,渡瑶寄,#卡塔尔世界杯##卡塔尔世界杯#帅,卡塔尔世界杯,0,0,0,2022/11/24 15:32
4.83935E+15,7504935411,北京民声,【#你用什么方式看球#？北京小伙辞职飞抵多哈看世界杯】近日，北京市，一25岁小伙辞掉在北京某事业单位工作赶赴卡塔尔观看世界杯引发关注。据悉，当事人丑京儿（化名）自马拉多纳去世时便开始为辞职做准备。2022年11月，他辞职后，用攒下的6万余元跨越6000余公里抵达卡塔尔首都多哈。在目睹阿根廷爆冷失败后，丑京儿（化名）表示，这次旅行是为了和青春告别，自己是阿根廷球迷，作为梅西的最后一次世界杯，无论结果如何都要见证。@点时新闻L点时新闻的微博视频,你用什么方式看球,0,0,0,2022/11/24 15:32
4.83935E+15,7615926379,时尚音乐剧,#卡塔尔世界杯官方用球叫什么#周杰伦总是能给我们带来惊喜啊，相信你们也和我一样迫不及待的想要长知识了吧。现在我已经做好准备了呀，已经开始坐等今晚啦,卡塔尔世界杯官方用球叫什么,0,0,0,2022/11/24 15:32
4.83935E+15,1227161661,木棍儿先生,本届世界杯开幕前，世界上敢在队衣胸前绣上五颗星的除了巴西队，那也就只有中国队了。#日本大叔说下次轮到中国赢德国##卡塔尔世界杯##巴西vs塞尔维亚#,"日本大叔说下次轮到中国赢德国,卡塔尔世界杯,巴西vs塞尔维亚",0,0,0,2022/11/24 15:32
4.83935E+15,2664836193,杨lowri,卡塔尔世界杯吉祥物“拉伊卜”~牛肉盖浇饭（小红书：娜&娜）,,0,0,1,2022/11/24 15:32
4.83935E+15,5822049784,汇舸视频,#卡塔尔世界杯官方用球叫什么#满满的都是惊喜，满满都是期待，有没有对于周杰伦的世界杯彩蛋，一下子就已经眼前一亮了，感觉一定会非常的有意思呀，充满着期待了呢？晚上一起来吧,卡塔尔世界杯官方用球叫什么,0,0,0,2022/11/24 15:31
4.83935E+15,2171757642,浙江新闻频道,【#世界杯主裁撞脸宋小宝#网友：小宝瞒着咱去打工】11月23日，世界杯德国VS日本的小组赛中，主裁伊万巴顿被网友发现酷似宋小宝，网友们纷纷表示：“宋小宝老师怎么还背着我们打两份工呢？”伊万・巴顿是萨尔瓦多职业足球裁判员，2022年5月19日，FIFA（国际足联）官方公布了卡塔尔世界杯的执法裁判名单，伊万・巴顿作为主裁入选，这也是他首次在世界杯中担任主哨L信号财经的微博视频,世界杯主裁撞脸宋小宝,0,0,0,2022/11/24 15:31
4.83935E+15,5344792788,米德卢维骑,#2022卡塔尔世界杯#太惨了！疑有球迷买彩票“就不信邪”，追加50万买德国赢#微博vc计划##亿点曝光计划##第一视角制作人计划#L米德卢维骑的微博视频,"2022卡塔尔世界杯,微博vc计划,亿点曝光计划,第一视角制作人计划",0,0,0,2022/11/24 15:31
4.83935E+15,2719702023,浙里是金华,浙里是金华#义乌老板娘能有多卷#世界杯期间，在卡塔尔狂刷存在感的除了足球，还有中国制造。其中，70%来自义乌制造。义乌市场发展四十周年，从最初的马路市场，到现在的世界小商品之都，一直在不断用商业实力刷新大众印象，你眼里的义乌是什么样呢？一起来看看大家的评价吧！义乌国际小商品博览会已经正式开幕，全球友人将来义乌买全球，卖全球，期待在世界留下越来越多义乌足迹。@chinagoodsLchinagoods的微博视频,义乌老板娘能有多卷,2,2,3,2022/11/24 15:31
4.83934E+15,2003954855,咪咕新空,#卡塔尔世界杯官方用球叫什么#周杰伦世界杯彩蛋足球知识大科普你们知道本届世界杯的官方用球叫什么吗？它的中文翻译又是什么意思？今晚就来周杰伦世界杯彩蛋探索AlRihla背后的黑科技，和周董一起涨知识啦～#世界杯预测##卡塔尔是懂指路的#L咪咕体育的微博视频,"卡塔尔世界杯官方用球叫什么,世界杯预测,卡塔尔是懂指路的",0,0,0,2022/11/24 14:53
4.83934E+15,5530883105,小壹大人A狗子老婆,我在蒙牛2022卡塔尔#世界杯#抽奖大转盘活动中获得288积分！快来和我一起做任务抽奖赢好礼吧！世界杯期间每进一球蒙牛还会送出1000箱奶，记得#无论谁进球都来找蒙牛#！O网页链接,"世界杯,无论谁进球都来找蒙牛",0,0,0,2022/11/24 14:53
4.83934E+15,7396328490,肃州区发布,全球连线｜卡塔尔世界杯吉祥物和纪念品产自“世界工厂”东莞O全球连线｜卡塔尔世界杯吉祥物和纪念品产自“世界工厂”东莞,,0,0,0,2022/11/24 14:53
4.83934E+15,5648790156,河南科技大学,#世界杯随处可见中国元素#【“中国制造”在卡塔尔世界杯大放光彩】揭幕战入场仪式上的中国护旗手、乘专机抵达卡塔尔的大熊猫“京京”“四海”、赛场内外，有太多中国元素大到比赛场，小到纪念品，“中国制造”为世界杯贡献“中国力量”。“中国制造”为世界发展贡献不竭动能,世界杯随处可见中国元素,0,2,1,2022/11/24 14:53
4.83934E+15,3187600510,ag111222,我在蒙牛2022卡塔尔#世界杯#抽奖大转盘活动中获得188积分！快来和我一起做任务抽奖赢好礼吧！世界杯期间每进一球蒙牛还会送出1000箱奶，记得#无论谁进球都来找蒙牛#！O网页链接,"世界杯,无论谁进球都来找蒙牛",0,1,0,2022/11/24 14:53
4.83934E+15,5530883105,小壹大人A狗子老婆,我在蒙牛2022卡塔尔#世界杯#抽奖大转盘活动中获得68积分！快来和我一起做任务抽奖赢好礼吧！世界杯期间每进一球蒙牛还会送出1000箱奶，记得#无论谁进球都来找蒙牛#！O网页链接,"世界杯,无论谁进球都来找蒙牛",0,1,0,2022/11/24 14:53
4.83934E+15,6283311221,屯溪反邪教,【中纪委：】11月24日，中央纪委国家监委网站发布了一篇题为《莫让赌球毁了年轻干部》的文章。文章指出，世界杯期间往往是赌球诈骗的高发期。眼下，2022年卡塔尔世界杯激战正酣，多地公安机关发布提示信息，呼吁网友远离网络赌球，一些视频网站也对涉及赌博导流的账号采取了封禁措施。记者梳理纪检监察机关近年来查处的违纪违法案例发现，因赌球迷失信仰、坠入贪腐深渊的党员干部并不鲜见。铲除赌球等歪风邪气的生存土壤，加强对年轻干部教育管理监督，依然任重道远。从涉赌经历看，这些年轻干部大多社会阅历不深、盲目乐观自信，尤其对网络赌球的危害认识不够，往往以“玩”的心态开启“赌”的大门。,,0,2,2,2022/11/24 14:53
4.83934E+15,7408774903,御玖卿1016,我在蒙牛2022卡塔尔#世界杯#抽奖大转盘活动中获得188积分！快来和我一起做任务抽奖赢好礼吧！世界杯期间每进一球蒙牛还会送出1000箱奶，记得#无论谁进球都来找蒙牛#！O网页链接,"世界杯,无论谁进球都来找蒙牛",0,0,0,2022/11/24 14:53
4.83934E+15,7527429936,傅家小怪兽,卡塔尔世界杯宝贝你这样，苏牙叔叔要咬你喽！#梅西#苏牙L傅家小怪兽的微博视频,梅西 ,0,0,0,2022/11/24 14:53
4.83934E+15,2690413144,Double健健,#C罗说要让所有葡萄牙人骄傲##C罗#北京时间今晚12点，葡萄牙??将在卡塔尔世界杯首秀对阵加纳??。@CristianoRonaldo发博：我们即将要开始世界上最盛大的比赛，这是一次长期的、充满成功的冒险，以让我们把国家的名字和国旗??高高挂起。我们希望能让所有的葡萄牙人感到骄傲和喜悦。没有什么是不可能的！加油！,"C罗说要让所有葡萄牙人骄傲,C罗",0,2,1,2022/11/24 14:53
4.83933E+15,7768981201,4U大眼鹿,卡塔尔世界杯XR虚拟直播，由世优科技提供技术支持O网页链接,,0,0,0,2022/11/24 13:55
4.83933E+15,1854829951,江苏大学,#小江实用帖#【小心有诈！#世界杯防骗指南请收好#】卡塔尔世界杯来了，骗子们也已经蠢蠢欲动：中奖短信、仿冒官方网站、虚假周边产品销售、虚假直播软件……公安部刑侦局提醒：不法分子往往会紧跟热点实施诈骗，无论骗术怎么变，不轻易向陌生人转账最关键！和小江一起码住这份世界杯防骗指南吧O请查收！2022年世界杯防骗指南（via.@人民日报）,"小江实用帖,世界杯防骗指南请收好",1,2,2,2022/11/24 13:55
4.83933E+15,6488753881,老汉踢球把腰闪,2022卡塔尔足球世界杯开机上班啦?昨天世界杯红了吗？今天全是热门球队需要计划跟单的球迷可以看我简介。,,0,1,1,2022/11/24 13:55
4.83933E+15,1956442760,南铁福州车务段,#福车微视角##世界杯随处可见中国元素#【世界杯的足球，可能由这趟列车送出！】四年一届的世界杯，浓缩了足球世界四年的时光，2022年世界杯进入卡塔尔时间，一座位于浙中的县级城市――浙江义乌进入全球人民的视野，“义乌制造”在世界杯上成为引人注目的焦点。@长三角铁路O世界杯的足球，可能由这趟列车送出！,"福车微视角,世界杯随处可见中国元素",2,3,3,2022/11/24 13:55
4.83933E+15,7190065117,梦见x-,#你好卡塔尔#@安慕希你好卡塔尔??！四年一届的世界杯又来了，我怀着激动的心情来迎接这场世界杯，我本身也是个喜欢足球的人，高中的时候时常会去踢足球，足球是世界上第一大运动，。这次我点亮的是西班牙的球队，可以说今天凌晨的比赛太精彩了，18岁的他挺身走进世界杯，更吸引我的是他长的太帅了，所以我支持西班牙队！,你好卡塔尔,0,0,0,2022/11/24 13:55
4.83933E+15,6560812027,三皮就是坠吊的,我在蒙牛2022卡塔尔#世界杯#抽奖大转盘活动中获得188积分！快来和我一起做任务抽奖赢好礼吧！世界杯期间每进一球蒙牛还会送出1000箱奶，记得#无论谁进球都来找蒙牛#！O网页链接,"世界杯,无论谁进球都来找蒙牛",0,0,0,2022/11/24 13:54
4.83933E+15,6370058568,胆王老郑,发布了付费专栏《世界杯付费专栏》的文章：《周四013世界杯：瑞士VS喀麦隆》#卡塔尔世界杯#O周四013世界杯：瑞士VS喀麦隆,卡塔尔世界杯,0,0,1,2022/11/24 13:54
4.83933E+15,6561066659,小熊Paddington,18:00瑞士?喀麦隆21:00乌拉圭?韩国#世界杯##卡塔尔世界杯#,"世界杯,卡塔尔世界杯",0,0,0,2022/11/24 13:54
4.83933E+15,2478495117,80后体育大蜀黍,发布了头条文章：《卡塔尔世界杯越来越精彩没有你做不到只有你想不到》O卡塔尔世界杯越来越精彩没有你做不到只有你想不到,,0,0,0,2022/11/24 13:54
4.83933E+15,2751969221,阳光住心底,我在蒙牛2022卡塔尔#世界杯#抽奖大转盘活动中获得68积分！快来和我一起做任务抽奖赢好礼吧！世界杯期间每进一球蒙牛还会送出1000箱奶，记得#无论谁进球都来找蒙牛#！O网页链接,"世界杯,无论谁进球都来找蒙牛",0,0,0,2022/11/24 13:54
4.83935E+15,7030322196,天眼新闻,【#贵州丹寨少年与世界杯之缘#】在卡塔尔世界杯大幕开启之后，贵州丹寨少年金粲璨也在密切关注着那里发生的一切，已经拿到护照的他，将在这届世界杯决赛中，以护旗手的身份登上那万众瞩目的赛场，一起来看看，他与世界杯的故事――（来源：新华社）O贵州丹寨少年与世界杯之缘,贵州丹寨少年与世界杯之缘,0,0,0,2022/11/24 15:32
4.83935E+15,1718493627,t望,【今晚，#C罗五战世界杯#】18:00至凌晨，瑞士将对战喀麦隆，乌拉圭对战韩国，#葡萄牙迎战加纳#，目前世界排名第一的巴西对阵塞尔维亚。苏亚雷斯、卡瓦尼、孙兴O、C罗、内马尔等球星有望先后登场，其中，C罗将迎来个人第5次世界杯之旅。你最期待谁？关注#2022卡塔尔世界杯#！L央视新闻的微博视频,"C罗五战世界杯,葡萄牙迎战加纳,2022卡塔尔世界杯",0,0,0,2022/11/24 15:31
4.83935E+15,1706096493,杜立言,西班牙首战哥斯达黎加之前，加里・内维尔认为“西班牙空有控球率，缺乏进球能力。”#C罗说要让所有葡萄牙人骄傲##世界杯##你好卡塔尔#L杜立言的微博视频,"C罗说要让所有葡萄牙人骄傲,世界杯,你好卡塔尔",0,10,0,2022/11/24 15:31
4.83935E+15,2375086267,参考消息,【西媒：翻身仗！亚洲球队再胜世界冠军】2022年卡塔尔世界杯刚开始几天，就已经爆出很多大冷门。21日，沙特阿拉伯队爆冷击败阿根廷队，打破对手36场比赛不败的“金身”。23日则轮到日本队，它在所有预测都不看好的情况下击败了另一大夺冠热门德国队。西班牙《马卡报》网站以《亚洲足球在世界冠军面前翻身》为题发表评论文章说，两场胜利给了亚洲足球信心，也为亚洲大陆留下了载入史册的一笔。据信，这是世界杯历史上第一次有两支亚洲球队击败两支世界冠军球队。沙特阿拉伯的“壮举”沙特人树立了奉献与牺牲的榜样。他们证明，在世界杯上没有哪场比赛是轻松的，他们去卡塔尔也不是为了当看客。凭借稳固的防守和强有力的进攻，沙特阿拉伯制造了世界杯历史上最大的冷门之一。此外，随着之后墨西哥与波兰打平，法国人埃尔韦・勒纳尔率领的沙特队梦想着历史上第二次闯入16强。日本紧随其后日本队与夺冠热门德国队和西班牙队一起分在E组。尽管德国队带着领先优势进入中场休息，但日本队在比赛中从未放弃。主教练森保一肯定在更衣室里发表了鼓舞士气的激情演讲，因为他的球队带着扭转局面的决心开始了下半场的比赛。凭借两粒出人意料的进球，他们反超了比分，让四届世界冠军德国队陷入困境。两场胜利有着共同点，他们都是通过逆转战胜了两支实力更强、而且拥有辉煌的世界杯战绩的球队。阿根廷与德国加起来一共拿过六次世界杯冠军。世界杯的竞争性变得越来越强，以前被视作弱旅的球队现在有了更多的特色和更好的准备。对于日本和沙特阿拉伯来说，最重要的是，他们有机会晋级淘汰赛，只要在接下来的比赛中获胜：日本队将对阵哥斯达黎加队，而沙特队将对阵波兰队。,,1,2,6,2022/11/24 15:31
4.83935E+15,2760170023,Alice_JCY,#卡塔尔世界杯#感受足球??的魅力???喝香槟庆祝西班牙7:0哥斯达黎加,卡塔尔世界杯,0,1,1,2022/11/24 15:31
4.83935E+15,1734530730,大河报,#豫上卡塔尔#【连麦8｜葡萄牙队首秀对战加纳队，C罗能否连续5届世界杯进球】北京时间11月25日0：00，卡塔尔#世界杯#H组第一轮第二场开赛，由C罗领衔的葡萄牙队迎战非洲加纳队。#C罗第5次世界杯之旅#万众瞩目的C罗能否再现世界波，成为首位连续5届世界杯进球球员？肩负非洲人民世界杯之梦的加纳队又将带来怎样的表现？大河报?豫视频特派卡塔尔记者独家解读，同时特邀资深球迷一起聊聊世界杯那些事儿。#C罗说要让所有葡萄牙人骄傲#大河报的微博直播,"豫上卡塔尔,世界杯,C罗第5次世界杯之旅,C罗说要让所有葡萄牙人骄傲",0,0,4,2022/11/24 15:31
4.83935E+15,6050589378,那不勒斯足球俱乐部SSC,?|在今晚的#卡塔尔世界杯#小组赛中，那不勒斯三员大将安古伊萨、金玟哉与奥利维拉都将代表各自国家队出战。那么您会为哪支球队和哪位球员加油？#那抹蓝#?#ForzaNapoliSempre#今晚您会为哪支球队和哪位球员加油？,"卡塔尔世界杯,那抹蓝,ForzaNapoliSempre",0,0,11,2022/11/24 15:31
4.83935E+15,2659261621,天下网商,【#卡塔尔世界杯门票一张最高10万元#】近日，有博主在社交软件上分享在卡塔尔的消费记录，交通、奶茶等花费与国内相差不大。相对来说较贵的是住宿费用，便宜的也要2-3千一晚，一个月大概要花费6-8万人民币。其中，值得关注的卡塔尔#世界杯#门票，能够看得尽兴的位置起码需要10万人民币左右。综合下来，在卡塔尔一个月起码需要20万。L天下网商的微博视频,"卡塔尔世界杯门票一张最高10万元,世界杯",0,0,0,2022/11/24 15:31
4.83935E+15,5865597902,范阳河畔2008,卡塔尔世界杯的热度越来越高，吉祥物拉伊卜（La'eeb）也火出圈了。不少中国球迷觉得它的形象十分亲切，因为“这……这就是一个会飞的饺子皮”！,,0,0,0,2022/11/24 15:31
4.83934E+15,2003954855,咪咕新空,#卡塔尔世界杯小将崛起#19岁的贝林厄姆成为首位在世界杯进球的00后球员！这不就是小说里180+的黑皮体育生帅哥吗#世界杯预测#L娱乐圈扒酱的微博视频,"卡塔尔世界杯小将崛起,世界杯预测",0,0,0,2022/11/24 14:53
4.83934E+15,3686958511,咪咕综艺,#卡塔尔世界杯官方用球叫什么#周杰伦世界杯彩蛋足球知识大科普你们知道本届世界杯的官方用球叫什么吗？它的中文翻译又是什么意思？今晚就来周杰伦世界杯彩蛋探索AlRihla背后的黑科技，和周董一起涨知识啦～#世界杯预测##卡塔尔是懂指路的#L咪咕体育的微博视频,"卡塔尔世界杯官方用球叫什么,世界杯预测,卡塔尔是懂指路的",0,0,0,2022/11/24 14:53
4.83934E+15,1417678504,衡阳发布,【今晚，#C罗五战世界杯#】18:00至凌晨，瑞士将对战喀麦隆，乌拉圭对战韩国，#葡萄牙迎战加纳#，目前世界排名第一的巴西对阵塞尔维亚。苏亚雷斯、卡瓦尼、孙兴O、C罗、内马尔等球星有望先后登场，其中，C罗将迎来个人第5次世界杯之旅。你最期待谁？关注#2022卡塔尔世界杯#！L央视新闻的微博视频,"C罗五战世界杯,葡萄牙迎战加纳,2022卡塔尔世界杯",0,0,0,2022/11/24 14:53
4.83934E+15,1656831930,环球资讯,【今晚，#C罗五战世界杯#】今天夜间，#2022卡塔尔世界杯#，葡萄牙VS加纳，C罗将迎来个人第5次世界杯之旅。一起期待！L央视新闻的微博视频,"C罗五战世界杯,2022卡塔尔世界杯",0,0,6,2022/11/24 14:53
4.83934E+15,7643849290,AD钙不加奶哦,#卡塔尔世界杯#期待巴西队，期待内马尔#内马尔加油#,"卡塔尔世界杯,内马尔加油",0,1,0,2022/11/24 14:53
4.83934E+15,2704902651,Mr_雨师,#世界杯#世界杯#卡塔尔世界杯##德国1比2日本#,"世界杯,卡塔尔世界杯,德国1比2日本",0,0,0,2022/11/24 14:53
4.83934E+15,3869635429,金金说股,高抬腿反应了德国队看待日本的心态！#卡塔尔世界杯#,卡塔尔世界杯,0,0,12,2022/11/24 14:53
4.83934E+15,7502730836,暄暄盈盈75,我在蒙牛2022卡塔尔#世界杯#抽奖大转盘活动中获得68积分！快来和我一起做任务抽奖赢好礼吧！世界杯期间每进一球蒙牛还会送出1000箱奶，记得#无论谁进球都来找蒙牛#！O网页链接,"世界杯,无论谁进球都来找蒙牛",0,0,0,2022/11/24 14:53
4.83934E+15,6299534218,北青体育,【#权田修一与中国队比赛时曾半场换长裤#】#趣看卡塔尔世界杯#70万欧元身价的沙特队门将奥韦斯封堵住了阿根廷队的狂轰滥炸，无独有偶，日本队国门权田修一身价只有50万欧元，他也是用一己之躯拦阻了德国队的一次次射门，帮助日本队实现了逆转。本届卡塔尔世界杯，来自亚洲的这两位守门员，给世界球迷留下了深刻印象。效力于J1联赛降级球队清水鼓动的权田修一在德国转会市场网站中，转会身价只有50万欧元，这连一些大牌球星的周薪都不到。可就是这样一位身价低廉的门将，除了上半时丢掉一粒点球之外，全场做出了八次扑救，一次次让德国国脚们无功而返。特别是下半场第60分钟左右的20秒之内，权田修一上演四连扑，敏捷的身手、快速的反应力保城池不失，为球队奠定了逆转击败德国队的基础。权田修一被评为当场比赛最佳球员，当之无愧。在本届世界杯亚洲区预选赛时权田修一就是日本队的主力门将，而在两场对阵中国队的比赛中，他基本没有得到表现的机会。甚至有中国球迷开玩笑说，打了大半场也没看清日本门将的长相，这位门将指的就是权田修一。与中国队首战在中场休息时，权田修一在更衣室中换了一件长裤后才出场，事后他承认因为比赛中触球过少，感觉有点冷。文/北青体育刘艾林,"权田修一与中国队比赛时曾半场换长裤,趣看卡塔尔世界杯",0,0,2,2022/11/24 14:53
4.83934E+15,5794522937,telek117,#卡塔尔世界杯#葡萄牙??,卡塔尔世界杯,0,1,1,2022/11/24 14:53
4.83933E+15,1098614510,团爸小阳阳,我在蒙牛2022卡塔尔#世界杯#抽奖大转盘活动中获得188积分！快来和我一起做任务抽奖赢好礼吧！世界杯期间每进一球蒙牛还会送出1000箱奶，记得#无论谁进球都来找蒙牛#！O网页链接,"世界杯,无论谁进球都来找蒙牛",0,0,0,2022/11/24 13:54
4.83933E+15,1098614510,团爸小阳阳,我在蒙牛2022卡塔尔#世界杯#抽奖大转盘活动中获得68积分！快来和我一起做任务抽奖赢好礼吧！世界杯期间每进一球蒙牛还会送出1000箱奶，记得#无论谁进球都来找蒙牛#！O网页链接,"世界杯,无论谁进球都来找蒙牛",0,0,0,2022/11/24 13:54
4.83933E+15,2458681152,阿卡丽璐璐,我在蒙牛2022卡塔尔#世界杯#抽奖大转盘活动中获得68积分！快来和我一起做任务抽奖赢好礼吧！世界杯期间每进一球蒙牛还会送出1000箱奶，记得#无论谁进球都来找蒙牛#！O网页链接,"世界杯,无论谁进球都来找蒙牛",0,0,0,2022/11/24 13:54
4.83933E+15,1098614510,团爸小阳阳,我在蒙牛2022卡塔尔#世界杯#抽奖大转盘活动中获得188积分！快来和我一起做任务抽奖赢好礼吧！世界杯期间每进一球蒙牛还会送出1000箱奶，记得#无论谁进球都来找蒙牛#！O网页链接,"世界杯,无论谁进球都来找蒙牛",0,0,0,2022/11/24 13:54
4.83933E+15,2458681152,阿卡丽璐璐,我在蒙牛2022卡塔尔#世界杯#抽奖大转盘活动中获得288积分！快来和我一起做任务抽奖赢好礼吧！世界杯期间每进一球蒙牛还会送出1000箱奶，记得#无论谁进球都来找蒙牛#！O网页链接,"世界杯,无论谁进球都来找蒙牛",0,0,0,2022/11/24 13:54
4.83933E+15,1203213487,爱睿,我在蒙牛2022卡塔尔#世界杯#抽奖大转盘活动中获得68积分！快来和我一起做任务抽奖赢好礼吧！世界杯期间每进一球蒙牛还会送出1000箱奶，记得#无论谁进球都来找蒙牛#！O网页链接,"世界杯,无论谁进球都来找蒙牛",0,0,0,2022/11/24 13:54
4.83933E+15,6364285356,l落落I,我在蒙牛2022卡塔尔#世界杯#抽奖大转盘活动中获得288积分！快来和我一起做任务抽奖赢好礼吧！世界杯期间每进一球蒙牛还会送出1000箱奶，记得#无论谁进球都来找蒙牛#！O网页链接,"世界杯,无论谁进球都来找蒙牛",0,0,0,2022/11/24 13:54
4.83933E+15,6364285356,l落落I,我在蒙牛2022卡塔尔#世界杯#抽奖大转盘活动中获得68积分！快来和我一起做任务抽奖赢好礼吧！世界杯期间每进一球蒙牛还会送出1000箱奶，记得#无论谁进球都来找蒙牛#！O网页链接,"世界杯,无论谁进球都来找蒙牛",0,0,0,2022/11/24 13:54
4.83933E+15,7228963584,分身超人2019,我在蒙牛2022卡塔尔#世界杯#抽奖大转盘活动中获得68积分！快来和我一起做任务抽奖赢好礼吧！世界杯期间每进一球蒙牛还会送出1000箱奶，记得#无论谁进球都来找蒙牛#！O网页链接,"世界杯,无论谁进球都来找蒙牛",0,0,0,2022/11/24 13:54
4.83933E+15,7719765427,地面上的灰尘,#沙特宣布放假一天卡塔尔世界杯小组赛，沙特阿拉伯队2：1战胜阿根廷队，为庆祝这历史性时刻，沙特宣布放假一天！#卡塔尔世界杯#沙特阿拉伯#阿根廷#足球L地面上的灰尘的微博视频,"沙特宣布放假一天卡塔尔世界杯小组赛，沙特阿拉伯队2：1战胜阿根廷队，为庆祝这历史性时刻，沙特宣布放假一天！,沙特阿拉伯",0,0,0,2022/11/24 13:54
4.83935E+15,5589426244,旺旺碎啵啵_,#Dreamers[MusicfromtheFIFAWorldCupQatar2022OfficialSoundtrack](2022卡塔尔世界杯原声)#,,0,1,0,2022/11/24 15:30
4.83935E+15,3840768703,工人日报,【今晚，#C罗五战世界杯#】18:00至凌晨，瑞士将对战喀麦隆，乌拉圭对战韩国，#葡萄牙迎战加纳#，目前世界排名第一的巴西对阵塞尔维亚。苏亚雷斯、卡瓦尼、孙兴O、C罗、内马尔等球星有望先后登场，其中，C罗将迎来个人第5次世界杯之旅。你最期待谁？关注#2022卡塔尔世界杯#！（央视新闻）L央视新闻的微博视频,"C罗五战世界杯,葡萄牙迎战加纳,2022卡塔尔世界杯",0,0,1,2022/11/24 15:30
4.83935E+15,6972981960,叫我李程秀,多么精彩的一项运动，Doyouknow？早期的中甲并不是叫这个名字，它是由每个足球队形成推荐的.起床了，#足球##卡塔尔世界杯##电影推荐#时间：11月24时间18:00（精彩事）伍:瑞士～～喀麦隆随时等候出发.,"足球,卡塔尔世界杯,电影推荐",0,0,0,2022/11/24 15:30
4.83935E+15,7746505309,帅气又迷人的,#卡塔尔世界杯官方用球叫什么#周杰伦可以说每一次都可以给我带来不一样的惊喜，对于今天晚上的这个节目，我也是很期待了,卡塔尔世界杯官方用球叫什么,0,0,0,2022/11/24 15:30
4.83935E+15,1747927481,CGTN体育报道,#喀麦隆vs瑞士#北京时间11月24日18点，世界杯小组赛G组，喀麦隆将迎战瑞士队，两队都将力争开门红。#卡塔尔世界杯#LCGTN体育报道的微博视频,"喀麦隆vs瑞士,卡塔尔世界杯",0,1,0,2022/11/24 15:30
4.83935E+15,2540768022,东华理工大学长江学院团委,#茶话会#四年一度的世界杯正在火热进行中，你有没有关注卡塔尔世界杯呢？你知道历届世界杯进球数最多的国家是哪一个吗？欢迎在评论区留言互动哦！,茶话会,0,0,0,2022/11/24 15:30
4.83935E+15,1886213131,英国桑德兰大学,出生在桑德兰的乔丹亨德森，在2022卡塔尔世界杯中，随英格兰足球队出征，司职中场。L英国桑德兰大学的微博视频,,0,0,0,2022/11/24 15:30
4.83935E+15,5592228950,宿州桥发布,【#哪届世界杯吉祥物是你最爱#？】近日，卡塔尔世界杯吉祥物拉伊卜受到关注。历届世界杯吉祥物，哪个是你的青春记忆？戳视频↓↓一起回忆！?L人民日报的微博视频,哪届世界杯吉祥物是你最爱,0,0,0,2022/11/24 15:30
4.83935E+15,2010395287,南充播报,#南观天下#用家里的材料就能制作卡塔尔世界杯吉祥物，快给小宝贝安排上。L手工实用DIY的微博视频,南观天下,0,0,0,2022/11/24 15:30
4.83935E+15,7076119408,剧综日记,#卡塔尔世界杯官方用球叫什么#不得不说，这一次可以和周董一起涨知识，谁又能错过了呢？对于周杰伦的世界杯足球彩蛋，一定不会错过吧，今晚一起来看吧，终于要见到庐山真面目啦,卡塔尔世界杯官方用球叫什么,0,0,0,2022/11/24 15:30
4.83934E+15,2767648917,中国冠县,德国队主帅弗利克：我们犯了不该犯的错误23日，德国队在卡塔尔世界杯首场小组赛中1:2不敌日本队。德国队主教练弗利克在赛后新闻发布会上表示，这是一O网页链接,,0,0,0,2022/11/24 14:53
4.83934E+15,2820215901,NICE亚杰,新的预测来了能不能保持三连预测准确就看这次了#世界杯##卡塔尔世界杯#世界杯,"世界杯,卡塔尔世界杯",0,5,0,2022/11/24 14:53
4.83934E+15,1340529235,于海青,#卡塔尔是懂指路的#在卡塔尔看到了很多的中国元素，因为这很多的产品其实都是中国生产。中国为卡塔尔奉献了自己的产品，也贡献出了自己的智慧，所以更多的科技元素在卡塔尔也逐一亮相。与其说卡塔尔举办了一场世界杯，倒不如说卡塔尔与中国共同举办了一场世界杯。,卡塔尔是懂指路的,1,2,2,2022/11/24 14:53
4.83934E+15,1899008513,Kyrie_lee,#C罗说要让所有葡萄牙人骄傲##C罗#在葡萄牙队即将迎来卡塔尔世界杯首秀之际，C罗坦言，想让所有葡萄牙人感到骄傲。加油总裁@CristianoRonaldo,"C罗说要让所有葡萄牙人骄傲,C罗",0,1,0,2022/11/24 14:53
4.83934E+15,7492027212,F君的小可爱,我在蒙牛2022卡塔尔#世界杯#抽奖大转盘活动中获得68积分！快来和我一起做任务抽奖赢好礼吧！世界杯期间每进一球蒙牛还会送出1000箱奶，记得#无论谁进球都来找蒙牛#！O网页链接,"世界杯,无论谁进球都来找蒙牛",0,0,0,2022/11/24 14:53
4.83934E+15,5629072831,夜幕夜已暮,我在蒙牛2022卡塔尔#世界杯#抽奖大转盘活动中获得68积分！快来和我一起做任务抽奖赢好礼吧！世界杯期间每进一球蒙牛还会送出1000箱奶，记得#无论谁进球都来找蒙牛#！O网页链接,"世界杯,无论谁进球都来找蒙牛",0,1,0,2022/11/24 14:52
4.83934E+15,7492027212,F君的小可爱,我在蒙牛2022卡塔尔#世界杯#抽奖大转盘活动中获得188积分！快来和我一起做任务抽奖赢好礼吧！世界杯期间每进一球蒙牛还会送出1000箱奶，记得#无论谁进球都来找蒙牛#！O网页链接,"世界杯,无论谁进球都来找蒙牛",0,0,0,2022/11/24 14:52
4.83934E+15,1762016380,被chou奖遗忘的鞋童,卡塔尔世界杯第一单冤案??劳塔罗的进球被吹越位划线犯错，后面还有一个左后卫,,0,1,0,2022/11/24 14:52
4.83934E+15,7492027212,F君的小可爱,我在蒙牛2022卡塔尔#世界杯#抽奖大转盘活动中获得68积分！快来和我一起做任务抽奖赢好礼吧！世界杯期间每进一球蒙牛还会送出1000箱奶，记得#无论谁进球都来找蒙牛#！O网页链接,"世界杯,无论谁进球都来找蒙牛",0,0,0,2022/11/24 14:52
4.83934E+15,1300705835,百变神兔兔,源先生的暴脾气这位是妥妥的中东公主！@源先生__世界杯#卡塔尔世界杯#,卡塔尔世界杯,0,0,1,2022/11/24 14:52
4.83933E+15,7622867015,喜鹊窝酒业,卡塔尔给世界杯“装了空调”；我们给世界杯“备好美酒”！干杯金喜鹊！,,0,0,0,2022/11/24 13:54
4.83933E+15,6605842948,咻咻拳击手,#卡塔尔世界杯#2016欧洲杯揭幕战【法国vs罗马尼亚】帕耶世界波绝杀！L咻咻拳击手的微博视频,卡塔尔世界杯,0,0,0,2022/11/24 13:54
4.83933E+15,7362758110,搏一搏呀,#你好卡塔尔#@安慕希四年一度的世界杯，等到他终于来了，巴西??球队是我一直喜欢的球队，最喜欢球队里面的内马尔，喜欢他们桑巴军团的美妙舞步，每次都为巴西??球队加油，因为他们也爱上了足球?，今年依旧支持巴西为他点亮，已经买好小零食，坐等巴西开始，期待巴西??获胜，圆一场青春年少的梦。,你好卡塔尔,0,0,0,2022/11/24 13:54
4.83933E+15,5585485049,021视频,【#日本赢球中国小伙被各国球迷祝贺#小伙：我们的队没有来sosad】11月24日，网友@林剑霄在网上发布视频称自己在卡塔尔的球迷广场看世界杯比赛，日本队2:1战胜德国队之后，各国球迷纷纷向他表示祝贺，他尴尬地跟球迷们解释自己是中国人。视频中，该男子向一位真正的日本人表示祝贺，并说自己真的非常羡慕他。他心酸的表示：“我们的队并没有来到世界杯，sosad。”@信号财经L信号财经的微博视频,日本赢球中国小伙被各国球迷祝贺,0,0,0,2022/11/24 13:54
4.83933E+15,6018155225,曙光收乐箱,德国1:2日本输球以后，德国超市用大蒜和番茄围了一个日本国旗“蒜了，没大柿”#日本大叔说下次轮到中国赢德国##卡塔尔世界杯#,"日本大叔说下次轮到中国赢德国,卡塔尔世界杯",1,1,1,2022/11/24 13:54
4.83933E+15,3806199641,呈贡发布,#为什么真的不建议你去赌球#【中纪委：#莫让赌球毁了年轻干部#】#中纪委发警告莫让赌球毁了年轻干部#11月24日，中央纪委国家监委网站发布了一篇题为《莫让赌球毁了年轻干部》的文章。文章指出，世界杯期间往往是赌球诈骗的高发期。眼下，2022年卡塔尔世界杯激战正酣，多地公安机关发布提示信息，呼吁网友远离网络赌球，一些视频网站也对涉及赌博导流的账号采取了封禁措施。记者梳理纪检监察机关近年来查处的违纪违法案例发现，因赌球迷失信仰、坠入贪腐深渊的党员干部并不鲜见。铲除赌球等歪风邪气的生存土壤，加强对年轻干部教育管理监督，依然任重道远。从涉赌经历看，这些年轻干部大多社会阅历不深、盲目乐观自信，尤其对网络赌球的危害认识不够，往往以“玩”的心态开启“赌”的大门。（中国日报）,"为什么真的不建议你去赌球,莫让赌球毁了年轻干部,中纪委发警告莫让赌球毁了年轻干部",0,1,0,2022/11/24 13:54
4.83933E+15,6364285356,l落落I,我在蒙牛2022卡塔尔#世界杯#抽奖大转盘活动中获得68积分！快来和我一起做任务抽奖赢好礼吧！世界杯期间每进一球蒙牛还会送出1000箱奶，记得#无论谁进球都来找蒙牛#！O网页链接,"世界杯,无论谁进球都来找蒙牛",0,0,0,2022/11/24 13:54
4.83933E+15,1111249715,幸福面包树mm,我在蒙牛2022卡塔尔#世界杯#抽奖大转盘活动中获得68积分！快来和我一起做任务抽奖赢好礼吧！世界杯期间每进一球蒙牛还会送出1000箱奶，记得#无论谁进球都来找蒙牛#！O网页链接,"世界杯,无论谁进球都来找蒙牛",0,0,0,2022/11/24 13:53
4.83933E+15,5522537039,暮岁未拾,#加纳球衣撞衫外卖小哥#我真的有被笑到，看了加纳队员赛前的一些认真训练场景和然后再用中文送上祝福的视频.真的觉得他们太可爱啦，当然他们说中文的样子也好可爱！穿着像极了美团外卖的服装训练，我差一点就以为美团外卖小哥要参加2022卡塔尔世界杯的比赛！笑死我了，真的，哈哈哈，我真的是笑的停不下来了！当然最后我也祝愿加纳队在卡塔尔世界杯当中夺冠加油，我看好你们！你们真的很棒啦！,加纳球衣撞衫外卖小哥,0,0,0,2022/11/24 13:53
4.83935E+15,3270346463,长春发布,【#网友开启拉伊卜DIY大赛#】随着卡塔尔世界杯的进行，吉祥物拉伊卜也火出圈。近日，不少网友开启了“拉伊卜DIY”大赛，英俊版、梦幻般、真饺子版、拿来凑数版……哪个萌到你了？L人民视频的微博视频,网友开启拉伊卜DIY大赛,0,10,11,2022/11/24 15:30
4.83935E+15,7342274194,Goodluck-yeah,世界杯#围观世界杯#黑马卡塔尔队这次表现高光啊！,围观世界杯,0,0,0,2022/11/24 15:30
4.83935E+15,1975154821,西海都市报官方微博,#卡塔尔世界杯超级新星#足球#球星L西海都市报官方微博的微博视频,卡塔尔世界杯 超级新星 ,0,0,0,2022/11/24 15:30
4.83935E+15,2456763457,huaxing_628,#腾讯新闻#卡塔尔世界杯能处：奖金是真发，3后面9个0，被淘汰也能拿900万O卡塔尔世界杯能处：奖金是真发，3后面9个0，被淘汰也能拿900万#来自@腾讯新闻,腾讯新闻,0,0,0,2022/11/24 15:30
4.83935E+15,1838672663,华夏时报,【中国铁建承建世界杯主赛场央企迈上世界基建主流舞台】随着2022年卡塔尔世界杯如火如荼的展开，中国的另一支“国家队”――央企，低调地完成着一件又一件大事。央企代表的中国建设走在世界前列，让世界看到了更多中国建设的成果，球场上随处可见的“MadeinChina”分外引人注目。据记者了解，中国铁建、中国海油、中国船舶、中国石化等多个央企都有参与本届世界杯的建设工作，向世界展示着中国央企的实力。IPG中国首席经济学家柏文喜对《华夏时报》记者表示：“央企积极参与世界杯建设工作，对于央企国际影响力的提升是不言而喻的，这也标志着央企已步入世界基建市场的主流舞台，有助于接下来继续开拓世界基建市场高端领域这一发展方向。”“在当前复杂多变的国际环境下，特别是存在人为重构国际产业链布局与供应链保障网的情况下，中国制造、中国技术、中国标准的全面国际化出海战略进入新阶段，中国式产业链集群将有可能成为世界经济合作新基石。”独立国际策略研究员陈佳对《华夏时报》记者表示。O中国铁建承建世界杯主赛场央企迈上世界基建主流舞台,,0,0,0,2022/11/24 15:30
4.83935E+15,3233525902,日常厌学不学无术,#卡塔尔世界杯小将崛起#19岁的贝林厄姆成为首位在世界杯进球的00后球员！这不就是小说里180+的黑皮体育生帅哥吗#世界杯预测#L娱乐圈扒酱的微博视频,"卡塔尔世界杯小将崛起,世界杯预测",0,0,0,2022/11/24 15:30
4.83935E+15,3675657612,宁夏日报,【追梦大力神杯！今晚，#C罗出战#！】16年前，C罗首登世界杯赛场。今晚00：00，#葡萄牙对阵加纳#，C罗的第五次世界杯之旅即将启程，他将再次向大力神杯发起冲击！#C罗卡塔尔世界杯首秀#，一起期待！@人民日报L宁夏日报的微博视频,"C罗出战,葡萄牙对阵加纳,C罗卡塔尔世界杯首秀",0,0,0,2022/11/24 15:30
4.83935E+15,5260814541,做开心的小魔女,内马尔#卡塔尔世界杯#好帅,卡塔尔世界杯,0,1,2,2022/11/24 15:30
4.83935E+15,3953646138,桂阳法院,【#男子世界杯观众席挥舞中国国旗#：相信总有一天中国队也能参加世界杯】据@搜狐千里眼报道：11月22日，卡塔尔。一男子在世界杯观众席悄悄挥舞中国国旗引起广泛关注。李先生称，看到网友说这次世界杯除了中国足球队，其他能去的都去了，甚至连大熊猫都有参与，就想着要是能在赛场上见到中国国旗就好了，因为没买到大国旗，只买到小的，所以也没好意思拿起来挥舞，相信总有一天中国队也能参加世界杯比赛。L搜狐千里眼的微博视频,男子世界杯观众席挥舞中国国旗,1,1,2,2022/11/24 15:30
4.83935E+15,1598078571,福建东南网,【世界杯今日看点：领衔葡萄牙#C罗世界杯首秀#，“五星巴西”压轴出场】北京时间11月24日夜间，2022年卡塔尔世界杯将迎来小组赛第一轮最后四场比赛。众星云集的葡萄牙对阵加纳队，C罗能否收获进球？世界排名第一的巴西队将迎战塞尔维亚队，赛前#内马尔强调不要轻视对手#。亚洲区最后一支球队韩国队首次亮相对阵乌拉圭队，#压力来到韩国这边#。此外还有瑞士队对阵喀麦隆队，一起期待！（CCTV4）,"C罗世界杯首秀,内马尔强调不要轻视对手,压力来到韩国这边",0,0,0,2022/11/24 15:29
4.83934E+15,6011001555,米兰大小姐artermis,还记得那年，卡塔尔阿勒萨尼家族在故宫办的展览若说实力雄厚，这也没谁了下次就指望泰国皇室拿出家底来我宫展示一下，让俺们见识见识啦！#卡塔尔世界杯##卡塔尔王子#,"卡塔尔世界杯,卡塔尔王子",0,1,0,2022/11/24 14:52
4.83934E+15,2401556321,蚌埠共青团,【今晚，#C罗五战世界杯#】18:00至凌晨，瑞士将对战喀麦隆，乌拉圭对战韩国，#葡萄牙迎战加纳#，目前世界排名第一的巴西对阵塞尔维亚。苏亚雷斯、卡瓦尼、孙兴O、C罗、内马尔等球星有望先后登场，其中，C罗将迎来个人第5次世界杯之旅。你最期待谁？关注#2022卡塔尔世界杯#！（央视新闻）L央视新闻的微博视频,"C罗五战世界杯,葡萄牙迎战加纳,2022卡塔尔世界杯",0,0,0,2022/11/24 14:52
4.83934E+15,1915671961,陕西都市快报,"#2022快看世界杯#【直播｜相约世界杯老陕云侃球】2022年世界杯正在卡塔尔火热开赛。闪直播特别策划《相约世界杯老陕云侃球》。每周二、四、六下午15:00――16:00,美女主播、球队教练、专业球迷做客直播间，陪您云侃球。球迷朋友们千万别错过，快戳直播间一起来谝世界杯。陕西都市快报的微博直播",2022快看世界杯,1,2,3,2022/11/24 14:52
4.83934E+15,7441318559,咪咕娱乐在线,#卡塔尔世界杯官方用球叫什么#?周杰伦世界杯彩蛋足球知识大科普你们知道本届世界杯的官方用球叫什么吗？它的中文翻译又是什么意思？今晚就来周杰伦世界杯彩蛋探索Al?Rihla背后的黑科技，和周董一起涨知识啦～#世界杯预测##卡塔尔是懂指路的#L咪咕体育的微博视频,"卡塔尔世界杯官方用球叫什么,世界杯预测,卡塔尔是懂指路的",0,0,0,2022/11/24 14:52
4.83934E+15,6073834622,长沙学院团委,【今晚，#C罗五战世界杯#】18:00至凌晨，瑞士将对战喀麦隆，乌拉圭对战韩国，#葡萄牙迎战加纳#，目前世界排名第一的巴西对阵塞尔维亚。苏亚雷斯、卡瓦尼、孙兴O、C罗、内马尔等球星有望先后登场，其中，C罗将迎来个人第5次世界杯之旅。你最期待谁？关注#2022卡塔尔世界杯#！L央视新闻的微博视频,"C罗五战世界杯,葡萄牙迎战加纳,2022卡塔尔世界杯",1,10,6,2022/11/24 14:52
4.83934E+15,6072081004,体育梦工场,世界杯火热开赛中，在这个属于足球迷的时刻，梦工场将推出世界杯九大球星卡！首张#球星卡#?的主角为――梅西！最后一届世界杯，当传奇转身，期待命运能给予他终极惊喜#卡塔尔世界杯##梅西最后一舞#,"球星卡,卡塔尔世界杯,梅西最后一舞",0,1,0,2022/11/24 14:52
4.83934E+15,7615661091,人民政协网,【今晚，#C罗五战世界杯#】18:00至凌晨，瑞士将对战喀麦隆，乌拉圭对战韩国，#葡萄牙迎战加纳#，目前世界排名第一的巴西对阵塞尔维亚。苏亚雷斯、卡瓦尼、孙兴O、C罗、内马尔等球星有望先后登场，其中，C罗将迎来个人第5次世界杯之旅。你最期待谁？关注2022卡塔尔世界杯！L央视新闻的微博视频,"C罗五战世界杯,葡萄牙迎战加纳",0,0,2,2022/11/24 14:52
4.83934E+15,5080863214,努力叭嗒嗒雨,我在蒙牛2022卡塔尔#世界杯#抽奖大转盘活动中获得68积分！快来和我一起做任务抽奖赢好礼吧！世界杯期间每进一球蒙牛还会送出1000箱奶，记得#无论谁进球都来找蒙牛#！O网页链接,"世界杯,无论谁进球都来找蒙牛",0,0,0,2022/11/24 14:52
4.83934E+15,5080863214,努力叭嗒嗒雨,我在蒙牛2022卡塔尔#世界杯#抽奖大转盘活动中获得188积分！快来和我一起做任务抽奖赢好礼吧！世界杯期间每进一球蒙牛还会送出1000箱奶，记得#无论谁进球都来找蒙牛#！O网页链接,"世界杯,无论谁进球都来找蒙牛",0,0,0,2022/11/24 14:52
4.83931E+15,3955261359,铜仁发布,#为什么真的不建议你去赌球#【中纪委：#莫让赌球毁了年轻干部#】#中纪委发警告莫让赌球毁了年轻干部#11月24日，中央纪委国家监委网站发布了一篇题为《莫让赌球毁了年轻干部》的文章。文章指出，世界杯期间往往是赌球诈骗的高发期。眼下，2022年卡塔尔世界杯激战正酣，多地公安机关发布提示信息，呼吁网友远离网络赌球，一些视频网站也对涉及赌博导流的账号采取了封禁措施。记者梳理纪检监察机关近年来查处的违纪违法案例发现，因赌球迷失信仰、坠入贪腐深渊的党员干部并不鲜见。铲除赌球等歪风邪气的生存土壤，加强对年轻干部教育管理监督，依然任重道远。从涉赌经历看，这些年轻干部大多社会阅历不深、盲目乐观自信，尤其对网络赌球的危害认识不够，往往以“玩”的心态开启“赌”的大门。,"为什么真的不建议你去赌球,莫让赌球毁了年轻干部,中纪委发警告莫让赌球毁了年轻干部",0,4,1,2022/11/24 12:59
4.83931E+15,5247946798,曹满de啊呜,#卡塔尔巨资办世界杯亏了吗#感觉人家压根就没有想过赚钱不赚钱这个问题，而且对于卡塔尔来说现在的世界知名度的提升简直赚翻了。,卡塔尔巨资办世界杯亏了吗,0,3,1,2022/11/24 12:59
4.83931E+15,3883703955,亲斤caimi,我在蒙牛2022卡塔尔#世界杯#抽奖大转盘活动中获得68积分！快来和我一起做任务抽奖赢好礼吧！世界杯期间每进一球蒙牛还会送出1000箱奶，记得#无论谁进球都来找蒙牛#！O网页链接,"世界杯,无论谁进球都来找蒙牛",0,0,0,2022/11/24 12:59
4.83931E+15,7365928330,派31415926535,卡塔尔世界杯充满中国元素，独缺中国足球队！#卡塔尔世界杯#,卡塔尔世界杯,0,1,0,2022/11/24 12:59
4.83931E+15,2079651001,王枰翔Sunky,平时你连五个筛子都没猜明白呢你现在猜世界杯32支球队？？#健身穿搭#今日穿搭(ootd)##卡塔尔世界杯#,健身穿搭  ,1,3,34,2022/11/24 12:59
4.83931E+15,2280998204,萌想还是要有的,贝林厄姆#围观世界杯#围观世界杯卡塔尔世界杯加油,围观世界杯,0,0,0,2022/11/24 12:59
4.83931E+15,6325153081,瓣瓣冲浪酱,这居然是卡塔尔申办世界杯的理由,,33,31,229,2022/11/24 12:59
4.83931E+15,7715037576,咸鱼想变仙女,#世界杯#卡塔尔王子#饺子皮理顺一些人物关系L咸鱼想变仙女的微博视频,世界杯,0,0,0,2022/11/24 12:59
4.83931E+15,7150248819,蛇精灵IL_Biscione,日本??2:1逆转德国??，赛后赢球的小日子球迷同样用捂嘴的动作回敬了德国。#近击卡塔尔##世界杯#,"近击卡塔尔,世界杯",0,6,9,2022/11/24 12:59
4.8393E+15,2618638282,湖南日报,#湘约卡塔尔世界杯#【又踩一脚|极度深寒】眼下的西亚天气，温度适宜，和风拂面。但今晨西班牙对哥斯达黎加的比赛，却在绿茵场掀起了一股飓风。一些人在飓风的旋流之下，快乐、幸福得晕眩。我指的是西班牙的拥趸。而另一些人，却感到了极度深寒。我指的是――本届世界杯接下来的赛程里所有可能的对手以及他们的球迷，特别是阿根廷队、德国队和他们的忠粉。说明一下，我不想伤口上撒盐，可两相对照之下，差距之大确实令人五内惧焚：自家出师折阵，阴沟翻船，而人家，那统治级的表现简直让人窒息！那是什么样的西班牙飓风呀。7：0恐怖比分背后，是更恐怖的技术统计数字：控球率，81.8％对18.2%；传球数，1043对231；传球成功率，93.58%对71.43%……而对手哥斯达黎加队，可并不是待宰羔羊，它世界排名31位，6次进入世界杯决赛圈，在今年的系列比赛中，先后战胜尼日利亚、美国、加拿大等二流强队。靠深厚的内力击发，形成强大气旋，把人震得肝胆俱裂，那是金庸武侠小说的虚构。而绿茵场上的西班牙飓风，确实来自于他们深厚的内力。拉琴般细腻华丽的脚法，催眠师或魔法师般的传控，音乐弦律般丝滑的节奏，庖丁解牛般精准的截击，出击时快若闪电的爆发……这种种的组合，把足球变成了斗牛般美妙的舞蹈。一旦比赛进入西班牙节奏，那么对于观众来说，绿茵场就是剧场，那里上演的是妙到巅毫的艺术！还是做个中立的球迷吧，面对西班牙也许还有接下来巴西另一种风格的表演，我们感情纯粹，心底澄明，尽情享受。#世界杯##西班牙vs哥斯达黎加##西班牙7比0哥斯达黎加#,"湘约卡塔尔世界杯,世界杯,西班牙vs哥斯达黎加,西班牙7比0哥斯达黎加",0,0,2,2022/11/24 11:59
4.8393E+15,2315534114,内蒙古商报,【#网友开启拉伊卜DIY大赛#】随着卡塔尔世界杯的进行，吉祥物拉伊卜也火出圈。近日，不少网友开启了“拉伊卜DIY”大赛，英俊版、梦幻版、真饺子版、拿来凑数版……哪个萌到你了？L人民视频的微博视频,网友开启拉伊卜DIY大赛,0,0,0,2022/11/24 11:59
4.8393E+15,1943365247,Aloha甜心,头顶一块布，世界我最富！感恩节快乐#卡塔尔世界杯##世界杯##感恩节#,"卡塔尔世界杯,世界杯,感恩节",0,2,0,2022/11/24 11:59
4.8393E+15,1885454921,蓝鲸财经记者工作平台,【#90后干部因赌球欠债近2000万#】#90后干部赌球流水账目打印近两包A4纸#24日，中央纪委国家监委网站发文：眼下，2022年卡塔尔世界杯激战正酣，多地公安机关发布提示信息，呼吁网友远离网络赌球。记者梳理纪检监察机关近年来查处的违纪违法案例发现，因赌球迷失信仰、坠入贪腐深渊的党员干部并不鲜见。“90后”干部钟桢就因赌球欠债近2000万元，仅打印其流水账目就使用了近两包A4纸。后其面对催债压力，通过违规开具“无房证明”等手段，收取房产中介及其客户的“好处费”，给国家税收造成严重损失。铲除赌球等歪风邪气的生存土壤，加强对年轻干部教育管理监督，依然任重道远。（中央纪委国家监委网站）,"90后干部因赌球欠债近2000万,90后干部赌球流水账目打印近两包A4纸",11,3,11,2022/11/24 11:59
4.8393E+15,5995021995,上海实邦,【#世界杯随处可见中国元素#】揭幕战入场仪式上的中国护旗手、乘专机抵达卡塔尔的大熊猫“京京”“四海”、中国企业承建的卡塔尔世界杯主体育场、热销的世界杯纪念品，#2022卡塔尔世界杯#赛场内外，有太多与中国相关的元素。,"世界杯随处可见中国元素,2022卡塔尔世界杯",0,0,0,2022/11/24 11:59
4.8393E+15,1889054622,今天我超开心了吗,给卡塔尔起的小名叫哨哨，一个是因为世界杯会吹哨，一个是因为它的叫声很个小口哨似的。,,0,0,0,2022/11/24 11:59
4.8393E+15,1245947192,朋朋大,侮辱性极强#德国vs日本##卡塔尔世界杯#,"德国vs日本,卡塔尔世界杯",0,0,4,2022/11/24 11:59
4.8393E+15,6299534218,北青体育,【#内马尔强调不要轻视对手#】明天凌晨巴西将对阵塞尔维亚，内马尔@NeymarJr发博：追逐梦想，锁定目标并把它放在首要位置，不去轻视你的对手，为梦想而战。此前，知名评述员@评述员詹俊表示：“五星巴西这次终于有底气说:我们要在卡塔尔剑指六星！主帅蒂特手下猛将如云，特别是进攻端囤积了9名攻击手，可以根据不同的对手制定破门策略。核心内马尔也将迎来一届真正属于他的世界杯。”#C罗和内马尔今日首秀##世界杯#,"内马尔强调不要轻视对手,C罗和内马尔今日首秀,世界杯",0,0,2,2022/11/24 11:59
4.8393E+15,5828032153,白色蒲公英868,头顶一块布，世界我最富！卡塔尔2022世界杯，花费2200亿美金，比之前21届世界杯的支出总和还要多，让我们开开眼是如何霍霍掉的！L白色蒲公英868的微博视频,,0,0,0,2022/11/24 11:59
4.8393E+15,6146366232,蝶恋花0401,卡塔尔世界杯又现北京奥运会元素：除了在此次卡塔尔世界杯再现的2008年北京奥运会媒体包，当地时间23日，记者在卡塔尔主新闻中心的邮局发现一款2008年北京奥运会元素的邮票。据工作人员介绍，这是一款FIFA精选邮票，由官方授权并在主新闻中心展示并进行销售，目前已成为最畅销的一款邮票。,,0,1,0,2022/11/24 11:58
4.83928E+15,2270311600,共青团鄞州区委,【#网友开启拉伊卜DIY大赛#】随着卡塔尔世界杯的进行，吉祥物拉伊卜也火出圈。近日，不少网友开启了“拉伊卜DIY”大赛，英俊版、梦幻般、真饺子版、拿来凑数版……哪个萌到你了？L人民视频的微博视频,网友开启拉伊卜DIY大赛,0,0,0,2022/11/24 10:59
4.83928E+15,7777195279,福气宝宝199908,我在蒙牛2022卡塔尔#世界杯#抽奖大转盘活动中获得68积分！快来和我一起做任务抽奖赢好礼吧！世界杯期间每进一球蒙牛还会送出1000箱奶，记得#无论谁进球都来找蒙牛#！O网页链接,"世界杯,无论谁进球都来找蒙牛",0,0,0,2022/11/24 10:59
4.83928E+15,1789250890,中国甘肃网,#为什么真的不建议你去赌球#【中纪委：#莫让赌球毁了年轻干部#】#中纪委发警告莫让赌球毁了年轻干部#11月24日，中央纪委国家监委网站发布了一篇题为《莫让赌球毁了年轻干部》的文章。文章指出，世界杯期间往往是赌球诈骗的高发期。眼下，2022年卡塔尔世界杯激战正酣，多地公安机关发布提示信息，呼吁网友远离网络赌球，一些视频网站也对涉及赌博导流的账号采取了封禁措施。记者梳理纪检监察机关近年来查处的违纪违法案例发现，因赌球迷失信仰、坠入贪腐深渊的党员干部并不鲜见。铲除赌球等歪风邪气的生存土壤，加强对年轻干部教育管理监督，依然任重道远。从涉赌经历看，这些年轻干部大多社会阅历不深、盲目乐观自信，尤其对网络赌球的危害认识不够，往往以“玩”的心态开启“赌”的大门。（中国日报）,"为什么真的不建议你去赌球,莫让赌球毁了年轻干部,中纪委发警告莫让赌球毁了年轻干部",6,4,3,2022/11/24 10:59
4.83928E+15,2654296823,就要你开心呀,世界杯揭幕战，日本球迷赛后主动清理看台震惊卡塔尔人。卡塔尔世界杯#闪光达人创作营##垂直领域点亮计划#L就要你开心呀的微博视频,"闪光达人创作营,垂直领域点亮计划",0,0,0,2022/11/24 10:59
4.83928E+15,5875437401,张江科技评论,#2022卡塔尔世界杯#×无障碍设备#绿茵场上的科技#可访问性是所有赛事的重要因素，世界杯也不例外。为了让卡塔尔世界杯更具包容性和无障碍性，赛事组织者采用了世界上第一个盲文娱乐平台Bonocle，该平台为视障人士提供了访问数字内容的所有辅助技术。它像一个小巧的鼠标，可以将外界信息转码，以盲文的形式传递给视障人士，使他们也能像其他人一样尽享赛事，同时，还能提高他们在多哈旅行的能力。图2为手持Bonocle的男子与朋友一起共享赛事。另一项名为FeelixPalm的技术也被用于卡塔尔世界杯（见图3）。FeelixPalm是一种穿戴设备，在柔性材料上置入了3X3的电触垫网格，使用电脉冲通讯器向视障者传递类似盲文的信息，但不会限制他们的身体运动或听力。此次场馆内还设置感官观赛室（见图4），为患有自闭症或感官处理问题的年轻人提供安全和平静的空间，配备互动投影、可控照明及其他玩具，帮助他们在舒适的环境中享受比赛乐趣。,"2022卡塔尔世界杯,绿茵场上的科技",0,0,1,2022/11/24 10:59
4.83928E+15,5677878604,ZH-要快乐,#卡塔尔世界杯#我支持英格兰，英格兰赢了我支持法国，法国赢了我支持阿根廷，阿根廷输了我支持德国，德国输了那我下一场支持……还要不要支持了,卡塔尔世界杯,0,2,2,2022/11/24 10:59
4.83928E+15,1283295571,喵儿朵朵,#世界杯##卡塔尔世界杯#,"世界杯,卡塔尔世界杯",0,1,0,2022/11/24 10:59
4.83928E+15,3314917994,莒县发布,【#外国球迷乱入记者镜头深情告白#】日前，中新社中新网记者在卡塔尔世界杯采访，向镜头介绍世界杯吉祥物拉伊卜，一位外国球迷乱入记者镜头，当被问及是否喜欢拉伊卜时，他热情地向记者说“我喜欢你！”网友：就离谱！场面既混乱又欢乐哈哈哈~@中新视频L中新视频的微博视频,外国球迷乱入记者镜头深情告白,0,0,1,2022/11/24 10:59
4.83928E+15,5193731648,宝鸡检察,【世界杯开赛检察官带来温馨提示】北京时间11月21日零点，2022年第二十二届卡塔尔世界杯正式开赛，这无疑是给每位球迷的狂欢盛宴......@金台检察O世界杯开赛检察官带来温馨提示O世界杯开赛检察官带来温馨提示,,6,15,4,2022/11/24 10:59
4.83928E+15,2423305630,窝是恁妈,粗壮的小腿，浓密的腿毛，健康的小麦色皮肤，下一站，卡塔尔世界杯赛场,,0,2,1,2022/11/24 10:59
4.83931E+15,6109428342,陕西政协,【大量球迷涌入#国际足联限制球迷一天仅可购买两场比赛门票#】#卡塔尔世界杯预计迎来150多万球迷#作为世界杯历史上国土面积最小的东道主，在世界杯期间，卡塔尔预计将会迎来150多万球迷和游客，相当于该国人口的一半，这给卡塔尔的交通系统带来巨大挑战。据了解，在卡塔尔世界杯期间，八个比赛场馆都位于首都多哈或附近地区，因此观众相对集中。详情戳↓L央视网科技的微博视频,"国际足联限制球迷一天仅可购买两场比赛门票,卡塔尔世界杯预计迎来150多万球迷",0,0,0,2022/11/24 12:59
4.83931E+15,5451424114,FZU南慕,发布了付费专栏《22年卡塔尔世界杯64场全解分析》的文章：《世界杯专栏解析之14：乌拉圭vs韩国》#世界杯专栏星推官#O世界杯专栏解析之14：乌拉圭vs韩国,世界杯专栏星推官,0,0,0,2022/11/24 12:58
4.83931E+15,7764929534,彡丶颠疯靓50048,『世界杯背后的外交场：美国国务卿访问卡塔尔，背后有何玄机？』O世界杯背后的外交场：美国国务卿访问卡塔尔，背后有何玄机？,,0,0,0,2022/11/24 12:58
4.83931E+15,1026546561,Danalu空间,感谢世界杯的陪伴?，陪伴了我这个海珠区人民度过了三天又三天……又五天……的管控时间。无论是英格兰的一路繁花、华丽绽放，还是法国队的卫冕霸气、面对困境淡然处之，西班牙斗牛士一身红衣热烈似火、谈笑间令对手樯橹灰飞烟灭，还是亚洲之光沙特、日本队的坚强不屈、以“弱”胜强，甚至遗憾于加拿大队的痛失点球……令我在现实与梦想之间找到了平衡点……接受现实，不抱怨，积极努力寻找光的出口！?#卡塔尔世界杯##治愈不开心#早安,"卡塔尔世界杯,治愈不开心",0,1,0,2022/11/24 12:58
4.83931E+15,3422616782,广汉融媒,【#网友开启拉伊卜DIY大赛#】随着卡塔尔世界杯的进行，吉祥物拉伊卜也火出圈。近日，不少网友开启了“拉伊卜DIY”大赛，英俊版、梦幻般、真饺子版、拿来凑数版……哪个萌到你了？（人民日报）O网页链接,网友开启拉伊卜DIY大赛,0,0,0,2022/11/24 12:58
4.83931E+15,2146633620,康神懂个球,是天台见，不是天台县见啊喂。。。现在没24小时核阴，我小区都出不去。。。#卡塔尔世界杯##围观世界杯##世界杯#,"卡塔尔世界杯,围观世界杯,世界杯",2,4,3,2022/11/24 12:57
4.83931E+15,1655088170,小翠呀zxc,世界杯?世界杯2022卡塔尔足球世界杯,,0,0,0,2022/11/24 12:57
4.83931E+15,2619719282,巢巢巢巢巢Even,#巢巢世界杯日志#阿根廷比赛大家都看了吧，来看看世界杯现场的球迷的反应都是怎么样的~#卡塔尔世界杯##赛场上的闪光瞬间#L巢巢巢巢巢Even的微博视频,"巢巢世界杯日志,卡塔尔世界杯,赛场上的闪光瞬间",10,23,191,2022/11/24 12:57
4.83931E+15,6277948103,娱情处部长,#万物皆可世界杯#和@孙亦航mew一起上咪咕视频，见证卡塔尔激情世界杯！为喜欢的运动员呐喊助威吧#看世界杯上咪咕#L咪咕头条资讯的微博视频,"万物皆可世界杯,看世界杯上咪咕",0,0,0,2022/11/24 12:57
4.83931E+15,1708763410,浙江日报,【#乌拉圭vs韩国#，你看好哪队？】#直击卡塔尔世界杯#今晚21:00，韩国迎战乌拉圭。#压力来到韩国这边#韩国vs乌拉圭，你看好哪队？,"乌拉圭vs韩国,直击卡塔尔世界杯,压力来到韩国这边",0,0,1669,2022/11/24 12:57
4.8393E+15,1803732380,陇南网信,【#世界杯给卡塔尔带来了什么#？】#算一算卡塔尔世界杯经济账#卡塔尔已经进入“世界杯时间”，这场体育盛会的背后是东道国卡塔尔历时12年的筹备工作，特别是大规模的基础设施建设。尽管投入巨大，卡塔尔同样也将从世界杯赛事中收获经济红利。赛事将吸引大约120万各国游客到访卡塔尔。卡塔尔方面预计，世界杯给卡塔尔带来的收益可达170亿美元，推动卡国内生产总值今年增长4.9%。#C罗世界杯首秀##日本赔率#L央视网快看的微博视频,"世界杯给卡塔尔带来了什么,算一算卡塔尔世界杯经济账,C罗世界杯首秀,日本赔率",4,16,17,2022/11/24 11:58
4.8393E+15,2659469732,攀爱柠檬,对于下届世界杯扩军，可以说总结的很精辟了中国男足啊，争点气呀！！！#卡塔尔世界杯##中国男足#,"卡塔尔世界杯,中国男足",0,1,1,2022/11/24 11:58
4.8393E+15,3316714211,人民网河南频道,【羡慕！#初中组织学生看世界杯不留作业#】#和校长同学一起看世界杯是啥体验#？22日，7年级收看阿根廷vs沙特；23日，8年级收看摩洛哥vs克罗地亚；25日，9年级收看威尔士vs伊朗…杭州一学校在晚自修时间安排学生看球，当天不留作业。#直击卡塔尔世界杯#（杭州日报）L人民网的微博视频,"初中组织学生看世界杯不留作业,和校长同学一起看世界杯是啥体验,直击卡塔尔世界杯",0,0,0,2022/11/24 11:58
4.8393E+15,1649173367,每日经济新闻,#日本队主帅称亚洲足球正达到全球标准#【日本队主帅：亚洲国家足球水平正达到全球标准】海外网报道，日本队23日在卡塔尔世界杯小组赛中2:1逆转战胜德国队，也是继沙特之后又一支亚洲球队取得胜利。据《日本时报》网站24日报道，日本队主帅森保一说，亚洲国家（足球水平）正达到全球标准。#压力来到韩国这边#森保一赛后接受媒体采访时说，日本队一开始想打得更有进攻性，但德国队非常强大，所以日本队需要坚持防守，并且抓住反击机会。他表示，“这次（胜利）是一个巨大的惊喜，我们也已看到沙特队战胜了阿根廷队――亚洲国家正达到全球标准。”日本队中有7人效力于德甲，1人效力于德乙。森保一说，“我们相信德国联赛对日本足球发展作出的贡献，帮助我们进步，对此我们充满尊敬和感激。但不管对手是谁，我们要的是胜利。日本会继续向德国学习，向世界上所有优秀的球队学习。”每日经济新闻隆重推出“#加油世界杯#”活动，在每个比赛日邀您参与。5重大礼，66次机会。即日起猛戳此链接O网页链接，万元豪礼等您来拿。（海外网，希隆）,"日本队主帅称亚洲足球正达到全球标准,压力来到韩国这边,加油世界杯",4,6,22,2022/11/24 11:58
4.8393E+15,2435340311,南宁火车站,#世界杯随处可见中国元素#【世界杯的足球，可能由这趟列车送出！】#世界杯上进球最多的国家#四年一届的世界杯，浓缩了足球世界四年的时光，2022年世界杯进入卡塔尔时间，一座位于浙中的县级城市――浙江义乌进入全球人民的视野，“义乌制造”在世界杯上成为引人注目的焦点。O世界杯的足球，可能由这趟列车送出！,"世界杯随处可见中国元素,世界杯上进球最多的国家",0,0,1,2022/11/24 11:58
4.8393E+15,2618638282,湖南日报,#湘约卡塔尔世界杯#【惠眼识珠|零容忍，导致了零射门】没有最惨，只有更惨。7比0！西班牙队捅了哥斯达黎加队7刀，风头盖过了英格兰队与伊朗队联手制造的6比2。都是惨案。但惨案也有不同的类型。7比0叫惨重，叫兵不血刃。6比2叫惨烈，叫刺刀见红。兵不血刃的西班牙队，赢得十分轻松，胜似闲庭信步。态度决定一切。这种态度就是“零容忍”。从第一分钟到最后一分钟，从一寸草皮到另一寸草皮，西班牙队全面掌控，连施重手，不允许对手有任何回旋余地。哥斯达黎加队很快失去了心气，失去了斗志。比赛也随之失去了悬念。西班牙队全场零容忍，哥斯达黎加队全场零射门。一方，时间是一种优雅的滴答，是一种表演。另一方，时间是一种残忍的刺激，是一种折磨。有个解说员称，西班牙队应适可而止，没必要制造惨案。这话我不爱听。先进一球，不保险，必须一鼓作气，乘胜追击，一点都不能心慈手软。一场雪不够，必须雪上加霜，让对手寒彻。不然，风云突变，遭遇逆袭，又惨了。阿根廷队与德国队悔青了的肠子，还在，触目惊心。#世界杯##德国vs日本##西班牙7比0哥斯达黎加##西班牙好稳#,"湘约卡塔尔世界杯,世界杯,德国vs日本,西班牙7比0哥斯达黎加,西班牙好稳",0,0,0,2022/11/24 11:58
4.8393E+15,3515657435,武汉杜莎夫人蜡像馆,杜老师的“星朋友”#梅西#和#贝克汉姆#本周已亮相卡塔尔世界杯，接下来的赛程你更期待哪支队伍的表现呢？梅西、小贝轮番亮相世界杯，你更期待哪支队伍的表现？,"梅西,贝克汉姆",0,1,1,2022/11/24 11:58
4.8393E+15,2280998204,萌想还是要有的,#你好卡塔尔#卡塔尔世界杯加油加油加油加油,你好卡塔尔,0,0,0,2022/11/24 11:58
4.8393E+15,1663072851,中国日报,【#网友开启拉伊卜DIY大赛#】随着卡塔尔世界杯的进行，吉祥物拉伊卜也火出圈。近日，不少网友开启了“拉伊卜DIY”大赛，英俊版、梦幻般、真饺子版、拿来凑数版……哪个萌到你了？@人民视频L人民视频的微博视频,网友开启拉伊卜DIY大赛,22,25,158,2022/11/24 11:58
4.8393E+15,5648009127,mini美美然de哥哥们,卡塔尔世界杯?salute~,,0,0,0,2022/11/24 11:57
4.83928E+15,5797820174,1f鱼,分享视频L1f鱼的微博视频,,0,0,1,2022/11/24 10:59
4.83928E+15,5359047537,安顺检察,【#世界杯随处可见中国元素#】揭幕战入场仪式上的中国护旗手、乘专机抵达卡塔尔的大熊猫“京京”“四海”、中国企业承建的卡塔尔世界杯主体育场、热销的世界杯纪念品，#2022卡塔尔世界杯#赛场内外，有太多与中国相关的元素。看↓↓,"世界杯随处可见中国元素,2022卡塔尔世界杯",1,17,7,2022/11/24 10:59
4.83928E+15,1856446532,江淮晨报,#深入学习宣传贯彻党的二十大精神#【合肥造发电机已在世界杯场馆“上岗”】从场馆、周边，到球迷、裁判，再到赞助商和熊猫，众多中国元素在卡塔尔世界杯上“绽放”光芒。咱合肥制造也未缺席，11月23日，记者从庐江高新区了解到，一批合肥造发电机已经在卡塔尔世界杯不少场馆、园区“上岗”，助力赛事电力保障。（合报全媒体记者/乐天茵子高勇通讯员/周维华）L江淮晨报的微博视频,深入学习宣传贯彻党的二十大精神,0,0,1,2022/11/24 10:59
4.83928E+15,5911272755,二月初E,#卡塔尔世界杯##卡塔尔王子##画渣#王子的眼神真的笑死我了哈哈哈哈哈哈哈哈哈L二月初E的微博视频,"卡塔尔世界杯,卡塔尔王子,画渣",0,1,3,2022/11/24 10:59
4.83928E+15,6876818333,An4Xz-,#世界杯#??热情世界杯球迷请就位??#卡塔尔世界杯#LAn4Xz-的微博视频,"世界杯,卡塔尔世界杯",1,2,2,2022/11/24 10:59
4.83928E+15,2939537857,蒲江教育,【#哪届世界杯吉祥物是你最爱#？】近日，卡塔尔世界杯吉祥物拉伊卜受到关注。历届世界杯吉祥物，哪个是你的青春记忆？戳视频↓↓一起回忆！L人民日报的微博视频,哪届世界杯吉祥物是你最爱,0,0,0,2022/11/24 10:59
4.83928E+15,6275107880,027真的不喜欢发微博,面试被问缺点，看看这个回答，真的绝了！！#议起涨知识#面试被问缺点第一弹很受大家的欢迎小耿马不停蹄赶来第二弹，请收好-?面试被问缺点是HR想挖苦你吗？答案当然是：“NO”?-?面试被问缺点，完全是一道送分题，热评的同学就是最佳范例??1??态度真诚（到了新城市会焦虑）2??缺点不致命（人人都会有焦虑）3??有改进（为了缓解焦虑，会提前到场）这完全是一个妥妥的满分回答！！小耿又总结了常见的几种表达，抓紧准备起来吧！-?回答思路总结??真诚回答?正在改进?未来更好（其实这也是反向画饼的一种，面试官给我们画饼，我们也可以还一个嘛?）-话说世界杯大家都看了吗，我看了两场爆冷两场，我真的哭了?・阿根廷vs沙特阿拉伯德国vs日本#令人心动的日常##卡塔尔世界杯#,"议起涨知识,令人心动的日常,卡塔尔世界杯",0,0,1,2022/11/24 10:59
4.83928E+15,6047415561,AS爱体育,日本与德国一役，似乎是两个平行世界的相撞：一边是自傲且不相信自己会输的德国队，另外一方面是相信自己会赢的日本队。双方的上半场，如同温吞水一般毫无章法，日本队无法形成配合，德国队锋线乏力。#足球#京多安点球得手，超八成的控球率让德国人完全放松，从弗里克到德国球员，认为下半场只是一场耐力测试――他们想的没错，这是日本队的耐力测试。#好物推荐#日本队在第65分钟突然加快节奏，球员完美的技术在每一次前场冲刺时，都能在一对一的情况下拿住球，而且他们利用德国后卫间的空档的传球几乎每一次都撕开了德国队的防线。最后，逆转取胜。#2022卡塔尔世界杯#,"足球,好物推荐,2022卡塔尔世界杯",0,7,0,2022/11/24 10:59
4.83928E+15,3273385507,成都城市管理,#成城分享#【新人崛起！盘点卡塔尔世界杯上的新秀】姆巴佩、穆夏拉、加克波、乔纳森・戴维、琼阿梅尼……年轻新秀虽然司职的位置不同，技术特点也各有千秋，但他们都具有极佳的足球天赋和发展前景。有些已经在世界杯上一战成名，有些可能还不被人所熟知。经过了在卡塔尔的淬炼，有谁会拿到职业生涯的攀云梯？（人民日报）L人民日报的微博视频,成城分享,0,0,0,2022/11/24 10:59
4.83928E+15,1847123567,香港商缶W,【#世界杯给卡塔尔带来了什么#？】#算一算卡塔尔世界杯经济账#卡塔尔已经进入“世界杯时间”，这场体育盛会的背后是东道国卡塔尔历时12年的筹备工作，特别是大规模的基础设施建设。尽管投入巨大，卡塔尔同样也将从世界杯赛事中收获经济红利。赛事将吸引大约120万各国游客到访卡塔尔。卡塔尔方面预计，世界杯给卡塔尔带来的收益可达170亿美元，推动卡国内生产总值今年增长4.9%。#C罗世界杯首秀##日本赔率#@央视网快看L央视网快看的微博视频（xy）,"世界杯给卡塔尔带来了什么,算一算卡塔尔世界杯经济账,C罗世界杯首秀,日本赔率",0,0,3,2022/11/24 10:59
4.83931E+15,5495482741,只是一个帅哥_,FIFA世界杯#世界杯##卡塔尔世界杯#??最近有个新骗局！??电视里22个人跑来跑去你们的钱就没了…大家注意点。,"世界杯,卡塔尔世界杯",0,1,2,2022/11/24 12:57
4.83931E+15,5451424114,FZU南慕,发布了付费专栏《22年卡塔尔世界杯64场全解分析》的文章：《世界杯专栏解析之13：瑞士vs喀麦隆》#世界杯专栏星推官#O世界杯专栏解析之13：瑞士vs喀麦隆,世界杯专栏星推官,0,0,0,2022/11/24 12:57
4.83931E+15,2349641855,Kaylee系阿晚,#加纳球衣撞衫外卖小哥#看了加纳队员赛前训练和用中文送上祝福视频，真的太可爱了还穿了美团外卖的服装训练，差点以为美团外卖小哥要参加世界杯美团外卖冲出中国到了卡塔尔,加纳球衣撞衫外卖小哥,0,0,0,2022/11/24 12:57
4.83931E+15,3898000128,super温志沐,每天画唠卡塔尔世界杯吉祥物手绘#卡塔尔世界杯#Lsuper温志沐的微博视频,卡塔尔世界杯,0,0,1,2022/11/24 12:56
4.83931E+15,5324769120,西安商网,【#为梅西骑行万里小伙回应阿根廷爆冷#：心态坦然计划待到总决赛】近日，24岁阿根廷球迷shrek因辞职骑行万里去卡塔尔看世界杯走红。据悉，他历时三月不停辗转，终于在开赛前抵达卡塔尔，但由于预算有限有时还得露宿街头。对于阿根廷爆冷输球，sherk回应称此前就感觉阿根廷状态不对，对于目前的情况自己还比较坦然。shrek相信阿根廷还会进入总决赛，自己将坚持到最后。（来源：央视网）L央视网的微博视频,为梅西骑行万里小伙回应阿根廷爆冷,0,0,0,2022/11/24 12:56
4.83931E+15,2792437614,cavilla睫毛增长,#FIFA卡塔尔世界杯揭幕战[超话]#B竹------O网页链接人生无完美，曲折亦风景。别把失去看得过重，放弃是另一种拥有、领悟，相信属于你的瑞士喀麦隆就在下一个拐弯处。,,0,0,0,2022/11/24 12:56
4.83931E+15,1692704685,kyoku,#卡塔尔世界杯#沙特阿根廷算是冷门，日本德国这场感觉不真,卡塔尔世界杯,0,0,0,2022/11/24 12:56
4.83931E+15,6331836143,书墨生香yes,我们的故事从忠山开始#世界杯#新一年的世界杯最壕的组合，卡塔尔世界杯，我愿称之为最壕的世界杯。为了举办这次比赛直接建了一个新城。各种娱乐文化设施一应俱全。本来是为了看足球，结果被卡塔尔的壕性给深深的冲击到了。原计划观看世界杯的壕山壕水，然后被呆萌呆萌的饺子皮吸引了注意力，谁会不喜欢可爱又可口的饺子皮呢！当然最重要的是还是给自己最喜欢的球队、球员加油呐喊助威！@共青团西南医科大学委员会微博,世界杯,0,0,1,2022/11/24 12:56
4.83931E+15,2070160771,别动我的小鱼干miao,不懂足球??的我竟然也好喜欢梅西#卡塔尔世界杯#,卡塔尔世界杯,0,1,2,2022/11/24 12:56
4.83931E+15,1884968902,芒果C家,#你好卡塔尔#@安慕希四年一度的世界杯开始了，今年是在卡塔尔举行，不知道从什么时候开始喜欢阿根廷队的，或许是因为他的球衣的颜色，本人喜欢蓝色，刚好他的蓝色就是比较分明，还有一个原因是梅西吧！支持一下喜欢的队队,你好卡塔尔,0,0,0,2022/11/24 12:56
4.8393E+15,5131680803,Nuyoah姚姚,#加纳球衣撞衫外卖小哥#看了加纳身穿美团训练服的视频，我还以为是美团外卖小哥要上场踢球了这训练服也太眼熟太亲切了吧，穿上美团外卖球衣，我相信你们的进球速度也和美团外卖一样飞快！他们还流利地用中文送上祝福，很棒哦！今晚葡萄牙对阵加纳，加油加油！祝你们在卡塔尔世界杯取得好成绩！,加纳球衣撞衫外卖小哥,0,0,7,2022/11/24 11:57
4.8393E+15,5656029029,tiandichaoren_140,对比卡塔尔世界杯敢开放，有世界卫生组织新奥密克戎病毒感染上呼吸道不入肺了做依据，敢开敢当。而对比石家庄，开了又关，没医学依据敢开又不能当，闹了个乌龙。唉唉唉！,,0,0,0,2022/11/24 11:57
4.8393E+15,1910983502,_皎皎皎,#卡塔尔世界杯#我爸拉起我妈一起在家看世界杯，我妈说看都看不懂有啥看头嘛，我爸给她说的：“我们看不懂啊看他们跑嘛！”昨天听我妈讲的，今天突然觉得好好笑,卡塔尔世界杯,0,3,0,2022/11/24 11:56
4.8393E+15,6009059960,茶桔阿慢,国足拜托了！我也想体验一下这种狂欢的快乐??卡塔尔世界杯2022世界杯L茶桔阿慢的微博视频,,0,0,0,2022/11/24 11:56
4.8393E+15,1717833412,华商报,#为什么真的不建议你去赌球#【中纪委：#莫让赌球毁了年轻干部#】#中纪委发警告莫让赌球毁了年轻干部#11月24日，中央纪委国家监委网站发布了一篇题为《莫让赌球毁了年轻干部》的文章。文章指出，世界杯期间往往是赌球诈骗的高发期。眼下，2022年卡塔尔世界杯激战正酣，多地公安机关发布提示信息，呼吁网友远离网络赌球，一些视频网站也对涉及赌博导流的账号采取了封禁措施。记者梳理纪检监察机关近年来查处的违纪违法案例发现，因赌球迷失信仰、坠入贪腐深渊的党员干部并不鲜见。铲除赌球等歪风邪气的生存土壤，加强对年轻干部教育管理监督，依然任重道远。从涉赌经历看，这些年轻干部大多社会阅历不深、盲目乐观自信，尤其对网络赌球的危害认识不够，往往以“玩”的心态开启“赌”的大门。（中国日报）,"为什么真的不建议你去赌球,莫让赌球毁了年轻干部,中纪委发警告莫让赌球毁了年轻干部",1,16,35,2022/11/24 11:56
4.8393E+15,7535938719,亲爱的未婚妻,李博文bow#卡塔尔世界杯#要赌了,卡塔尔世界杯,0,0,1,2022/11/24 11:56
4.8393E+15,7096189920,第1眼视频,【#C罗和内马尔今日登场#】#2022卡塔尔世界杯#24日将迎来G、H组四场比赛，两位备受瞩目的球星――C罗和内马尔将登场。37岁的C罗将第五次披挂上阵。尽管C罗本赛季状态下滑，但无疑是全队领袖。30岁的内马尔是进攻核心，他今年状态火热，在8月以来的各项比赛中，几乎每场都能贡献进球和助攻。夺冠热门巴西队的目标是在球衣上绣上第六颗星。#蓝V视界#L第1眼视频的微博视频,"C罗和内马尔今日登场,2022卡塔尔世界杯,蓝V视界",0,0,0,2022/11/24 11:56
4.8393E+15,5054286511,yi本正经de说,#世界杯#这届世界杯有中国裁判有中国球迷有中国元素中国石化与卡塔尔能源公司签署了为期27年的液化天然气（LNG）长期购销协议就中国球员没去,世界杯,0,1,0,2022/11/24 11:56
4.8393E+15,1853804880,优优的狮子妈咪,#为梅西骑行万里小伙回应阿根廷爆冷#这位24岁阿根廷球迷辞职骑行万里去卡塔尔看世界杯，但是面对自己所热爱的球队爆冷输掉比赛之后，非但没有怨言，反而还能做到如此坦然，这样的心态真的值得我们所称赞！那么也让我们和这位小伙一起期待阿根廷的下一次的比赛吧！希望阿根廷可以重回巅峰！,为梅西骑行万里小伙回应阿根廷爆冷,44,0,62,2022/11/24 11:56
4.83928E+15,3365993480,福建日报,世界杯【来新福建竞猜世界杯比赛，赢好礼！】#福建世界杯氛围拉满#是啥样的？当然每日参与新福建竞猜，最终喜提“小饺子皮”啦#c罗世界杯首秀#不可错过，巴西剑指第六冠，#卡塔尔王子#能否再火一把？竞猜已上线→戳O网页链接,"福建世界杯氛围拉满,c罗世界杯首秀,卡塔尔王子",0,0,2,2022/11/24 10:58
4.83928E+15,3621817804,不安定的卡密萨马,每一场都不容错过！！！为了巴索戈和孙准浩，前两场必须给喀麦隆和韩国加加油，当然，我觉得两场都平局的可能性大，巴索戈也有可能不会上场。。第三场无条件支持C罗，最后一场给斯托伊科维奇加油！！#卡塔尔世界杯#,卡塔尔世界杯,0,1,0,2022/11/24 10:58
4.83928E+15,2239104571,于娜-Lisa,我姐妹说带节奏的不适合我……#卡塔尔世界杯L于娜-Lisa的微博视频,,0,0,1,2022/11/24 10:58
4.83928E+15,6116258018,Mr_罗正发,#压力来到韩国这边#冷门频发，卡塔尔世界杯搜死亡之组，日本2：1德国，神奇超燃剧本LMr_罗正发的微博视频,压力来到韩国这边,0,0,5,2022/11/24 10:58
4.83928E+15,1706096493,杜立言,里克尔梅：布斯克茨只有一个。布斯克茨只有一个。布斯克茨只有一个。#C罗世界杯首秀##世界杯##你好卡塔尔#L杜立言的微博视频,"C罗世界杯首秀,世界杯,你好卡塔尔",0,0,1,2022/11/24 10:58
4.83928E+15,3671441245,阿C丶7,锋线上苏亚雷斯和努涅斯配合默契，努涅斯虽然进球数不高，但是他打球过门和门前搅局仍然是乌拉圭不可缺少的破局关键。每日*赛事解析*看我主页置顶裙世界杯21:00乌拉圭vs韩国世界杯18:00瑞士vs喀麦隆世界杯23:59葡萄牙vs加纳#世界杯##卡塔尔世界杯#世界杯,"世界杯,卡塔尔世界杯",33,29,31,2022/11/24 10:58
4.83928E+15,7706475235,枫冷慕诗,#退钱哥又让退钱了#已经成了一种文化输出了，退钱哥现在是带着国际友人在卡塔尔大喊退钱，这是全世界球迷对球队表现不满的一种情绪宣泄，2014年巴西世界杯，在自己家门口，半决赛巴西被德国踢了个7：1，全场鸦雀无声，巴西球迷都快哭了，德国球迷也不敢做声，场上的德国球员看到这种压抑的场景，也自觉的收敛了点，要不是担心走不出球场，那场能踢一个10：1，你说巴西球迷应不应该喊退钱？还有这届世界杯，两届世界杯得主，潘帕斯雄鹰被沙特击败，已经破产的阿根廷球迷应不应该喊退钱？德国战车，开战就被东亚本子国掀翻，千里迢迢赶去卡塔尔看球的德国球迷，你说他们应该喊退钱？退钱退的不只是钱，还是一种态度，一种怒其不争的情绪宣泄，必须给予支持，否则一直压抑着，是会出事的。#微博新知博主#,"退钱哥又让退钱了,微博新知博主",0,0,11,2022/11/24 10:58
4.83928E+15,6008972362,碧水浮香,卡塔尔世界杯沙特阿拉伯对阿根廷的结果预料到了，毕竟梅西老了，德日对决的却没料到。,,0,0,0,2022/11/24 10:58
4.83928E+15,2109156585,海南大学团委,【#小汇微分享##当世界杯遇到中国造##世界杯上有支别样的中国队#】2022年卡塔尔世界杯，从场上的护旗手、裁判到场外的中国大熊猫，再到中国建造的场馆、制造的客车与世界杯周边产品等，赛场内外中国元素随处可见，这支别样的“中国队”相当亮眼。（央视新闻）（图源新华社）,"小汇微分享,当世界杯遇到中国造,世界杯上有支别样的中国队",0,0,0,2022/11/24 10:58
4.83928E+15,1668449307,重xin来过yeah,这届世界杯看的人心绞痛，#你好卡塔尔#,你好卡塔尔,0,0,0,2022/11/24 10:58
4.83931E+15,1683671914,回忆是珍珠qaq,有坐私人飞机去长卡塔尔看世界杯的吗？我们预计是10个人，现在还有2个空位，一周内从上海出发，直飞卡塔尔。如果感兴趣请给我留言，报名的人必须拥有私人飞机，不然我们去不成。,,0,0,0,2022/11/24 12:56
4.83931E+15,2264778565,斗球APP,世界杯球队巡礼丨比利时黄金一代最后一舞，欧洲红魔值得期待#卡塔尔世界杯#L斗球APP的微博视频,卡塔尔世界杯,0,17,0,2022/11/24 12:56
4.83931E+15,5092881464,李小安0626,#卡塔尔世界杯#支持中国制造！L李小安0626的微博视频,卡塔尔世界杯,0,1,0,2022/11/24 12:56
4.83931E+15,6221932120,直新闻,#C罗今晚会取得进球吗#【因打掉球迷手机C罗被英足总停赛2场罚款5万英镑】#C罗世界杯首秀#卡塔尔世界杯今天（24日）将迎来第5比赛日，葡萄牙队迎来他们的首场比赛。据美联社当地时间23日报道，因在上赛季英超联赛对阵埃弗顿的比赛结束后将一名球迷手中的手机打飞，C罗被停赛两场并被罚款5万英镑。美联社称，英足总23日在一份声明中表示：“在随后的听证会上，一个独立监管委员会发现他C罗的行为不当且暴力，因此对他实施了这些制裁。”报道说，这一惩罚将随着C罗加入任何新俱乐部的同时转移，但不适用于世界杯比赛。#c罗摔球迷手机被禁赛2场#L直新闻的微博视频,"C罗今晚会取得进球吗,C罗世界杯首秀,c罗摔球迷手机被禁赛2场",0,0,0,2022/11/24 12:55
4.83931E+15,7370773679,一悦读一,#加纳球衣撞衫外卖小哥#看完身穿美团外卖服的加纳队员中文送祝福和训练视频，真的以为美团外卖小哥要组队参加世界杯了，哈哈!让他们说中文送祝福，感觉有点为难他们了，也行他们都没想到，这说中文怎么比上场踢球都难，估计他们这辈子都不会忘记。今晚卡塔尔世界杯加纳对阵葡萄牙，让我们携手@美团外卖一起为他们助威喝彩!L一悦读一的微博视频,加纳球衣撞衫外卖小哥,0,6,10,2022/11/24 12:55
4.83931E+15,5652470745,广西都市频道,中国裁判，亮相世界杯！北京时间今天（24日）凌晨，卡塔尔世界杯E组首轮，西班牙7比0完胜哥斯达黎加，#中国裁判马宁#担任第四官员。此前，世界杯小组赛B组首轮，美国1比1战平威尔士的比赛中#马宁#也担任了第四官员，上演了自己的世界杯首秀。这也是中国裁判时隔20年再次执法世界杯。#广西都市频道#,"中国裁判马宁,马宁,广西都市频道",0,0,0,2022/11/24 12:55
4.83931E+15,1308570033,2046日历,#荷兰队##卡塔尔世界杯##世界杯#11.24卡塔尔世界杯荷兰队吉祥物荷兰队L2046日历的微博视频,"荷兰队,卡塔尔世界杯,世界杯",0,0,0,2022/11/24 12:55
4.83931E+15,3214285010,冷门足球LEMONFOOTBALL,世界杯丨哈白布→加佩布卡塔尔世界杯已经是布斯克茨第7次大赛之旅，包括4次世界杯以及3次欧洲杯。过去，他的身边是“80后”球员哈维、伊涅斯塔，如今则是“00后”佩德里、加维。2010年世界杯时，布斯克茨是西班牙阵中最年轻的球员。而如今，34岁的他已经是阵中最年长的球员。#西班牙vs哥斯达黎加##世界杯#,"西班牙vs哥斯达黎加,世界杯",1,21,14,2022/11/24 12:55
4.83931E+15,5259299541,篮球精选,塞尔维亚今年的表现不错但是首场比赛遇上本届世界杯的夺冠大热门“五星巴西”想要取胜机会十分渺茫。每日*赛事解析*看我主页置顶裙世界杯03:00巴西vs塞尔维亚世界杯18:00瑞士vs喀麦隆世界杯21:00乌拉圭vs韩国#世界杯##卡塔尔世界杯#世界杯,"世界杯,卡塔尔世界杯",32,4,34,2022/11/24 12:55
4.83931E+15,3098510521,英国足球那点事,TA：由于国际足联禁止在卡塔尔世界杯佩戴袖标，丹麦足协准备说服其他欧洲国家一起退出国际足联。#丹麦计划与欧洲一同退出国际足联#此前有七支球队（丹麦、英格兰、德国、荷兰、比利时、瑞士、威尔士）准备在世界杯佩戴彩虹袖标支持LGBTQIA+群体，但是由于国际足联称佩戴彩虹袖标将会被出示黄牌，他们最终都放弃了这一计划。丹麦足协对此感到愤怒，且他们明确表示不会支持因凡蒂诺继续连任国际足联主席。除此之外，他们正在考虑退出国际足联，并且愿意和欧足联的55个成员国来洽谈这件事情。#世界杯#,"丹麦计划与欧洲一同退出国际足联, 世界杯",59,239,2239,2022/11/24 12:55
4.8393E+15,5331170938,豆豆dou真逗,#你好卡塔尔#@安慕希巴西队??不用多说，世界排名第一的明星球队！我心中永远的世界杯冠军?今天巴西队即将迎来世界杯首秀，虽然前有两个宿敌――阿根廷和德国爆冷输球，但我相信巴西队一定可以顶住压力，实力到了那个份儿上不允许失误，失误了也一定可以力挽狂澜，取得比赛的最终胜利??加油,你好卡塔尔,0,0,0,2022/11/24 11:56
4.8393E+15,5985286801,酒小二,?收好这份#卡塔尔世界杯#赛程表，精彩对决不容错过！?尽情看球，尽兴喝酒?酒水外卖，就找#酒小二#，25分钟内送达！还有更多世界杯特惠活动及大奖等你来拿?,"卡塔尔世界杯,酒小二",0,1,0,2022/11/24 11:56
4.8393E+15,5044281310,澎湃新闻,【日本队主帅：亚洲国家足球水平正达到全球标准】#日本主帅称亚洲足球水平达全球标准#日本队23日在卡塔尔世界杯小组赛中2:1逆转战胜德国队，也是继沙特之后又一支亚洲球队取得胜利。据《日本时报》网站24日报道，日本队主帅森保一说，亚洲国家（足球水平）正达到全球标准。森保一赛后接受媒体采访时说，日本队一开始想打得更有进攻性，但德国队非常强大，所以日本队需要坚持防守，并且抓住反击机会。他表示，“这次（胜利）是一个巨大的惊喜，我们也已看到沙特队战胜了阿根廷队――亚洲国家正达到全球标准。”海外网#压力来到韩国这边#O网页链接,"日本主帅称亚洲足球水平达全球标准,压力来到韩国这边",29,146,462,2022/11/24 11:55
4.8393E+15,7535938719,亲爱的未婚妻,李博文bow吃球#德国vs日本##卡塔尔世界杯#,"德国vs日本,卡塔尔世界杯",0,0,0,2022/11/24 11:55
4.8393E+15,6090644903,吃货酱酱菌,卡塔尔首场输球，含着金钥匙出生的石油大佬生气了！#世界杯##2022卡塔尔世界杯#L吃货酱酱菌的微博视频,"世界杯,2022卡塔尔世界杯",0,0,0,2022/11/24 11:55
4.8393E+15,5814158408,华舆News,#卡塔尔世界杯#开赛以来，22日的比赛中，沙特阿拉伯队又爆冷战胜夺冠热门阿根廷队，23日，日本队力克德国队，完美向世界展示了什么叫“#亚洲足球#之光”O网页链接,"卡塔尔世界杯,亚洲足球",0,1,0,2022/11/24 11:55
4.8393E+15,1706096493,杜立言,《队报》对比利时球员的评分，挽救球队的库尔图瓦得到7分，卡拉斯科只有2分。#C罗世界杯首秀##你好卡塔尔##世界杯#,"C罗世界杯首秀,你好卡塔尔,世界杯",0,1,4,2022/11/24 11:55
4.8393E+15,1710166120,谁是秦老师,方舱。#卡塔尔世界杯中国元素如满天繁星#,卡塔尔世界杯中国元素如满天繁星,0,0,0,2022/11/24 11:55
4.8393E+15,1014822467,开到荼靡又如何,一个“假球迷”的世界杯打开方式?：SonyAlpha7C35mmF2.8#世界杯##卡塔尔世界杯##围观世界杯#,"世界杯,卡塔尔世界杯,围观世界杯",1,4,2,2022/11/24 11:55
4.8393E+15,1543579924,小岛兴田,【#内马尔世界杯期间组建CSGO战队#】参加卡塔尔#世界杯#的巴西选手内马尔、热苏斯、里贝罗、卡塞米罗、帕奎塔已经在卡塔尔当地一家#CSGO#平台上完成账号注册。巴西队将于明天凌晨3点迎战塞尔维亚。,"内马尔世界杯期间组建CSGO战队,世界杯,CSGO",0,1,1,2022/11/24 11:55
4.83928E+15,2780826007,物流指闻,【揭秘：卡塔尔世界杯“集装箱酒店”，中国制造又火了】集装箱酒店所在的球迷村，整体生活配套设施也是一应俱全――超市、大型餐厅，公共广场上有很多懒人沙发，正中央是一块中国产的巨型屏幕，可以在露天看球赛。内部即有地铁站，可以坐卡塔尔新建的“公务座舱”级地铁游历多哈。这些集装箱酒店，由赛事方从中国6家厂商处采购，共计12000间……O揭秘：卡塔尔世界杯“集装箱酒店”，中国制造又火了,,3,0,0,2022/11/24 10:57
4.83928E+15,6179910926,一起撩剧吧,19岁的内马尔遇上国足会擦出怎样的火花？国足0比8惨败巴西，内马尔轻松帽子戏法#内马尔#【卡塔尔世界杯】L一起撩剧吧的微博视频,内马尔,0,2,1,2022/11/24 10:57
4.83928E+15,1281126874,京剧杨焱博,#卡塔尔世界杯#卡塔尔明白了钱不是万能的，伊朗说欧洲球队大门会丢球，沙特说啄鹰不是梦，日本说大空翼来啦袋鼠说我还是回大洋洲吧……韩国说你们让我们咋办,卡塔尔世界杯,0,0,0,2022/11/24 10:57
4.83928E+15,1744957737,PP体育,北京时间11月25日0点，C罗@CristianoRonaldo领衔的葡萄牙将迎来卡塔尔世界杯的首个对手加纳。你觉得C罗能在本场比赛中取得进球吗？#c罗今晚会取得进球吗##c罗世界杯首秀#,"c罗今晚会取得进球吗,c罗世界杯首秀",5,5,698,2022/11/24 10:57
4.83928E+15,2292896411,中工网,#2022足球世界杯#【”躺赢“？#迪拜或成世界杯大赢家#】#迪拜迎来大量世界杯球迷#卡塔尔世界杯各小组赛正如火如荼地展开，由于卡塔尔的酒店住宿紧张，距离卡塔尔只有1个小时航程的迪拜，吸引了来自世界各地的足球迷到访。一名在迪拜的棕榈岛上经营一家五星级酒店的业者表示，在举行世界杯的这几周内，预计酒店的入住率将超过90%。为了吸引世界杯球迷，迪拜所在的阿联酋以100迪拉姆，约合人民币194元，签发多次入境签证。此外，迪拜相对自由的饮酒环境，也让其对各地游客具有吸引力。#2022卡塔尔世界杯##世界杯#L央视网的微博视频,"2022足球世界杯,迪拜或成世界杯大赢家,迪拜迎来大量世界杯球迷,2022卡塔尔世界杯,世界杯",0,0,0,2022/11/24 10:57
4.83928E+15,3314917994,莒县发布,【#卡塔尔世界杯又现北京奥运会元素#这次是邮票！】#世界杯随处可见中国元素#除了坚挺的背包，卡塔尔世界杯又现北京奥运会元素，这次是邮票！当地时间11月23日，记者在主新闻中心的邮局发现一款2008年北京奥运会元素的邮票。据工作人员介绍，这款邮票是一款FIFA精选邮票，由官方授权并在主新闻中心展示并进行销售。她同时表示，目前，这款邮票已经成为了现在最畅销的一款。（记者崔楠）,"卡塔尔世界杯又现北京奥运会元素,世界杯随处可见中国元素",0,0,0,2022/11/24 10:57
4.83928E+15,2537758410,jackxu520,2022年卡塔尔世界杯主题曲《Dreamer》Ljackxu520的微博视频,,0,0,0,2022/11/24 10:57
4.83928E+15,7478835323,湖报体育,【#格拉利什庆祝动作献给小球迷##格拉利什赛后和小芬利通话#】#趣看卡塔尔世界杯#2天前，格拉利什在进球后做出的庆祝动作给人留下了深刻印象，而这当中有一个暖心的故事，这是他和一位名叫芬利的小朋友之间的约定，而在比赛后，他也和小芬利进行了视频通话。交谈中，小芬利表示他以为格拉利什忘了他们之间的约定，“亿元先生”笑着表示，之前他在对垒曼城的比赛中就想好了动作，只是那场比赛他没进球，希望这个约定能让他更高兴也更勇敢。制作/北青体育张昆龙L北青体育的微博视频,"格拉利什庆祝动作献给小球迷,格拉利什赛后和小芬利通话,趣看卡塔尔世界杯",0,0,0,2022/11/24 10:56
4.83928E+15,2027480085,水母网,【世界杯今日看点：#C罗卡塔尔世界杯首秀#】卡塔尔世界杯第5比赛日共4场：①18:00瑞士vs喀麦隆；②21:00乌拉圭vs韩国；③0:00葡萄牙vs加纳；④3:00巴西vs塞尔维亚。关注C罗的球迷不要错过！,C罗卡塔尔世界杯首秀,0,0,1,2022/11/24 10:56
4.83931E+15,5596390071,十三0926,#卡塔尔世界杯#今晚怎么买？,卡塔尔世界杯,0,1,0,2022/11/24 12:55
4.83931E+15,5642630882,F边N角W料M,这个视频确实看得人泪奔！看看这二十年中日足球的发展，是不是跟中日近代史一模一样？一场比赛，看穿了中国上下几千年的历史！哎……#卡塔尔世界杯##德国1比2日本#LF边N角W料M的微博视频,"卡塔尔世界杯,德国1比2日本",0,1,0,2022/11/24 12:54
4.83931E+15,6668215519,足球世界杯-昕h,C罗已与曼联解约离队，目前他正在积极备战世界杯，C罗也希望在卡塔尔世界杯上发挥最高水平。如今，C罗被迫离开英格兰，前往传闻中的新目的地，但也不排除他可以租借至纽卡斯尔联6个月，因为该俱乐部的沙特老板。C罗的目标是去利雅得希拉尔完成他的职业生涯，有传言说两个赛季的净收入超过2亿欧元。#世界杯#,世界杯,0,0,0,2022/11/24 12:54
4.83931E+15,7770750540,一颗玉米儿_,#近击卡塔尔#@金典SATINE这次金典有世界杯的几个互动小游戏，我玩的是集冠军卡，可以做任务来换取抽卡资格，任务都是比较简单的，有机会抽到支持的球队卡，并且可以送卡，来为支持的球队加油。除了集冠军卡，还有其他的互动游戏，非常有趣简单。大家快来一起玩吧，为自己喜欢的球队加油。,近击卡塔尔,0,0,0,2022/11/24 12:54
4.83931E+15,7604247638,娱圈咸鱼,#沙特主帅安慰阿根廷记者“你们能出线甚至可以拿到冠军，这就是足球“#2022卡塔尔世界杯L娱圈咸鱼的微博视频,沙特主帅安慰阿根廷记者“你们能出线甚至可以拿到冠军，这就是足球“,0,0,0,2022/11/24 12:54
4.83931E+15,7430227073,浙江周乐平,紧接前一篇的第四万三千零六十一篇的《第五千一百零五论如何用权与法律法规》之继续举例说明证实证明今天2022年11月24日中午，还是看见了香港凤凰网一篇题为“风声|日本足球能战胜德国，我们的足球能战胜自己吗？-凤凰网”确属卡塔尔世界杯小组赛的又一个意外就是日本国家足球队战胜了世界强队德国足球队……比如以短传配合风格的日本队意外地战胜了“德国战车”长传冲调风格的德国足球队！……在国际足联问世至今就有一个永不改变的规则，主裁判不准是两个国家比赛的两个国家队的所在国家是国际足联确保公平公正裁判的先决条件！……因此世界杯比如日本国家队与德国足球队比赛开赛前不会奏错国歌的！……比如不奏日本国歌也不奏德国的国歌反而奏错国歌的！……比如无论如何也不会去奏响主裁判所在国家的国歌的呀！……比如民事案件的法院民事审判厅就是“裁判”……法院民事裁判庭总不应该把民事案件的诉讼用荒谬至极地判决判到“法院民事审判长自己所有”了的民事案诉讼的吧？……若是这样荒谬至极当裁判就等于在卡塔尔日本与德国的一场足球比赛的主裁判就荒谬至极地把卡塔尔举办国东道主国家的一个足球场和足球全部都荒谬至极地“判决”到主裁判自己私人所有了――岂不荒谬至极了吗？？？？？……反正写不完……待续……,,0,0,0,2022/11/24 12:54
4.83931E+15,1743839655,听秋,既然拿不下你，那就把你身边的人全拿下！卡塔尔世界杯内马尔L听秋的微博视频,,0,0,1,2022/11/24 12:54
4.83931E+15,6342258355,炊九霄,#卡塔尔世界杯#,卡塔尔世界杯,0,0,0,2022/11/24 12:54
4.83931E+15,2882275410,Katarina是肥肥吖,#卡塔尔世界杯#昨晚就买了20德国赢，10块日本赢，10块平，得亏日本的赔率高哈哈，本金保住,卡塔尔世界杯,0,0,0,2022/11/24 12:54
4.83931E+15,7787561144,晶Bowies,#加纳球衣撞衫外卖小哥#看了加纳队员的中文祝福和赛前的训练视频，还以为是每天奔波在路上的美团小哥在踢球呢？实在太逗了，非常有喜感！希望加纳队在卡塔尔世界杯上取得好成绩，多多进球，加油！,加纳球衣撞衫外卖小哥,0,0,1,2022/11/24 12:54
4.8393E+15,1043320390,半岛晨报,【#网友开启拉伊卜DIY大赛#】随着卡塔尔世界杯的进行，吉祥物拉伊卜也火出圈。近日，不少网友开启了“拉伊卜DIY”大赛，英俊版、梦幻般、真饺子版、拿来凑数版……哪个萌到你了？L人民视频的微博视频,网友开启拉伊卜DIY大赛,0,0,3,2022/11/24 11:55
4.8393E+15,6568582221,青海在线网官微,#一起看卡塔尔世界杯#【#中国球迷世界杯现场痛哭#：同样是亚洲球队，为什么我们不行】23日，世界杯日本队战胜德国队，中国球迷痛哭：同样是亚洲球队，同样的身体素质，他们可以，为什么我们不行...L封面新闻的微博视频,"一起看卡塔尔世界杯,中国球迷世界杯现场痛哭",0,0,0,2022/11/24 11:54
4.8393E+15,1861296560,万恶的荔枝,是怎么不见你封世界杯卡塔尔所有人不戴口罩不用24小时核酸证明在那看球怎么就不封？这不你妈好笑吗,,0,1,0,2022/11/24 11:54
4.8393E+15,1585328307,脚丫熊,卡塔尔的目标是在2050年之前，成为全球投资环境最好的国家，数字通信产业最发达的国家，交通网络最完善的国家，时间点也是2050年，在卡塔尔申请世界杯东道主的时候，卡塔尔的地铁和铁路的总里程是0，这个国家基本上看不见，原因也很简单，民众都太富了，平均每个家庭拥有3~4辆汽车，基本不需要公共交通。但是实现经济转型，需要大量的外国打工人，也需要地铁、公共交通和地铁。同时整个社会也在进行深度的数字化转型，前面也提到，卡塔尔奉行的是大外交战略，不会理会其他国家的绑架战略，卡塔尔正在建设的光纤主干网路，5G网络就有中国设备商的参与。本次世界杯不仅是卡塔尔的一次对外大宣传，也是对中国制造，中国基建的大宣传。,,0,0,0,2022/11/24 11:54
4.8393E+15,6536800477,名校有方,LGBT和世界杯紧紧的绑在了一起。#卡塔尔世界杯##lgbtq#,"卡塔尔世界杯,lgbtq",0,1,0,2022/11/24 11:54
4.8393E+15,6060649996,环县政法,【#迪拜或成世界杯大赢家#】#迪拜迎来大量世界杯球迷#卡塔尔世界杯各小组赛正如火如荼地展开，由于卡塔尔的酒店住宿紧张，距离卡塔尔只有1个小时航程的迪拜，吸引了来自世界各地的足球迷到访。一名在迪拜的棕榈岛上经营一家五星级酒店的业者表示，在举行世界杯的这几周内，预计酒店的入住率将超过90%。为了吸引世界杯球迷，迪拜所在的阿联酋以100迪拉姆，约合人民币194元，签发多次入境签证。此外，迪拜相对自由的饮酒环境，也让其对各地游客具有吸引力。L央视网的微博视频,"迪拜或成世界杯大赢家,迪拜迎来大量世界杯球迷",0,0,0,2022/11/24 11:54
4.8393E+15,7535938719,亲爱的未婚妻,李博文bow今日世界杯预测#卡塔尔世界杯##世界杯#,"卡塔尔世界杯,世界杯",0,0,1,2022/11/24 11:54
4.8393E+15,1748195393,若,卡塔尔世界杯，上百万来自世界各地的球迷，开幕式上数十万在一起没带口罩，热闹的街上、地铁上也没人戴口罩，更不用24小时核酸，人家怎么就没事？人家是怎么做到的呢?为何越防疫疫情越不断，越做核酸?越多??郑州疫情已经42天了，明天开始接着喜提7日全程静默……这究竟是怎么回事儿,,0,1,2,2022/11/24 11:53
4.8393E+15,6174212133,阳光下的泡沫068,#加纳球衣撞衫外卖小哥#这加纳队的训练视频，第一眼真的以为是美团外卖小哥上场了！球衣上的字也太带劲了吧，美团外卖，进球也快，祝福加纳队在2022卡塔尔世界杯快快进球！,加纳球衣撞衫外卖小哥,0,0,0,2022/11/24 11:53
4.8393E+15,3863873074,二十日夜,#球要一起看鸭要撕着吃##手撕酱鸭过足瘾#@煌上煌预告一哈大大大大大大活动，卡塔尔世界杯爆冷，让我冷静下，吃个酱鸭缓缓，压力山大呀呀呀呀，看不懂啊哈，还是吃酱鸭吧，不掉头发哈哈,"球要一起看 鸭要撕着吃,手撕酱鸭过足瘾",0,0,0,2022/11/24 11:53
4.83928E+15,5639162133,赵二宝子呀,2022卡塔尔世界杯豪门巡礼F4:克罗地亚??（世界排名:12）王牌球星:莫德里奇（身价:1000万欧）37岁皇马主观评价:格子军团相较于四年前实力有所下降，尤其是在锋线位置，第一场闷平摩洛哥不出意外。,,0,0,0,2022/11/24 10:56
4.83928E+15,3812131602,一位不愿意透露姓氏的O,#C罗世界杯首秀#没剧本7-0有剧本1-2#退钱哥又让退钱了##退钱哥想找卡塔尔退钱#只因买的是山顶票啥都看不到，还不如在家用当贝投影看比赛，超大屏更清晰。,"C罗世界杯首秀,退钱哥又让退钱了,退钱哥想找卡塔尔退钱",0,2,3,2022/11/24 10:56
4.83928E+15,6280094726,库尔图瓦,昨晚我们和加拿大队踢了一场势均力敌的比赛，很高兴我能扑出对手的点球，大家一起来给我的表现打个分吧!感谢大家对比利时队的支持，也希望球队能拿出更好的竞技状态来迎战后面的两个小组赛对手！#星聚世界杯##近击卡塔尔##世界杯#库尔图瓦L库尔图瓦的微博视频,"星聚世界杯,近击卡塔尔,世界杯",34,54,173,2022/11/24 10:56
4.83928E+15,3298554595,大乌龟--麦奇,最近卡塔尔世界杯强队爆冷沙特赢了阿根廷，日本赢了德国，太意外了。世界杯给疫情封控带来些生活的期待，生命的意义,,0,0,0,2022/11/24 10:55
4.83928E+15,5136739626,懒熊体育,【卡塔尔世界杯，看日本队能否也成亚洲之光｜区楚良专栏】四年一届的世界杯再次来到身边，这也是世界杯时隔20年后重回亚洲举办，卡塔尔已成为世界足球的中心。中国足球虽然没能进入到本届世界杯决赛圈，但作为中国足球人，我们对世界杯的关注始终不变，希望能从中得到更多启发。#体育产业##b面卡塔尔#,"体育产业,b面卡塔尔",0,0,0,2022/11/24 10:55
4.83928E+15,3120845115,安徽日报,【深度关注丨莫让赌球毁了年轻干部】世界杯期间往往是赌球诈骗的高发期。眼下，2022年卡塔尔世界杯激战正酣，多地公安机关发布提示信息，呼吁网友远离网络赌球，一些视频网站也对涉及赌博导流的账号采取了封禁措施。OSucceeded！,,0,0,1,2022/11/24 10:55
4.83928E+15,3413267544,多年以后_44402,卡塔尔世界杯两场亚洲球队逆转取胜（日本二比一德国，沙特二比一阿根廷），还是二支世界级强队，让我更加郁闷和忧愁，中国足球怎么办，差距越来越大了，关键是我们并没有警醒，还在继续内耗沉沦，这才是中国球迷的真悲哀！,,0,0,0,2022/11/24 10:55
4.83928E+15,6179910877,影音叫兽,【卡塔尔世界杯】好家伙，开始担心一些中国球迷的精神状况……#梅西#L影音叫兽的微博视频,梅西,0,1,1,2022/11/24 10:55
4.83928E+15,3082197627,343三四三,#世界杯#威风凛凛的卡塔尔皇家骑警后面跟着……墨西哥球迷L343三四三的微博视频,世界杯,8,0,23,2022/11/24 10:55
4.83928E+15,1577794853,互联网的一些事,上一秒还在吵架，下一秒就成为朋友！有钱真的为所欲为世界杯#世界杯##卡塔尔vs厄瓜多尔#L互联网的一些事的微博视频,"世界杯,卡塔尔vs厄瓜多尔",0,0,2,2022/11/24 10:55
4.83931E+15,3157723020,金州国学读书会魏敏,《古代35句励志名言，很想讲给世界杯“爆冷”的球队听》11月22日，在2022卡塔尔世界杯足球赛中，梅西领衔的阿根廷队爆冷1:2不敌沙特阿拉伯队。尤其是前几句，很想讲给“爆冷”的球队听！O网页链接,,0,0,0,2022/11/24 12:54
4.83931E+15,2756422183,李侨侨的妈妈是仙女,#卡塔尔世界杯#2022卡塔尔足球世界杯L李侨侨的妈妈是仙女的微博视频,卡塔尔世界杯,0,1,1,2022/11/24 12:53
4.83931E+15,6092992906,篮球大技巧,喀麦隆这次是时隔8年重回世界杯，阵中大部分球员都没有大赛经验，本场比赛相信瑞士只要正常发挥，瑞士拿下的可能性就会更大每日*赛事解*看我主页置顶世界杯18:00瑞士vs喀麦隆世界杯23:59葡萄牙vs加纳世界杯03:00巴西vs塞尔维亚#世界杯##卡塔尔世界杯#,"世界杯,卡塔尔世界杯",31,1,33,2022/11/24 12:53
4.83931E+15,6067673433,淄博市图书馆,#卡塔尔世界杯#【今日看点：领衔葡萄牙#C罗出战#，#五星巴西迎首秀#】北京时间11月24日夜间，世界杯将迎来小组赛第一轮最后四场比赛。葡萄牙队对阵加纳队，C罗能否收获进球？五星巴西迎战塞尔维亚队能否取得首胜？此外，还有瑞士队对阵喀麦隆队、乌拉圭队对阵韩国队。一起期待↓,"卡塔尔世界杯,C罗出战,五星巴西迎首秀",0,0,0,2022/11/24 12:53
4.83931E+15,1566329345,高端酒店向导,在此奉劝卡塔尔官方，认清当前疫情严峻形势！应把人民健康放在首位，立即停办、缓办本届杯赛，坚决杜绝人员聚集，做到三天三检，出入球场必扫场所码，出示健康码、行程码，全程配戴口罩！望卡方认清形势，切不可抱有侥幸心理，尽快回到疫情防控的正确道路上来!#卡塔尔##卡塔尔世界杯##疫情防控#,"卡塔尔,卡塔尔世界杯,疫情防控",0,2,6,2022/11/24 12:53
4.83931E+15,3672318533,爱画画爱设计爱旅游的神仙姐姐,卡塔尔世界杯吉祥物太可爱了，感觉很简单，于是自己用超轻粘土捏了一个，也是第一次玩，没想到手感还不错。,,0,0,0,2022/11/24 12:52
4.83931E+15,5770329176,叮咚体坛,#压力来到韩国这边#随着卡塔尔世界杯上，沙特阿拉伯队和日本队先后爆冷阿根廷队和德国队，最后亮相的韩国队，将会成为最大热门队伍，他们将在今晚完成首秀亮相，由孙兴O率领的太极虎，能否也能完成对世界冠军乌拉圭队的爆冷呢？#孙兴O将戴面具出战#L咪咕体育的微博视频,"压力来到韩国这边,孙兴O将戴面具出战",0,0,1,2022/11/24 12:52
4.83931E+15,1377991587,bgfgbj,青春是一届又一届的世界杯卡塔尔有石油，我们有中国制造,,0,0,0,2022/11/24 12:52
4.83931E+15,5819103424,咸鱼女孩鹿鹿,搞笑#卡塔尔世界杯冠军会是谁#大家觉得最后谁会是?？L蜻蜓队长的微博视频,卡塔尔世界杯冠军会是谁,0,0,0,2022/11/24 12:52
4.8393E+15,1638781994,新浪体育,#内马尔强调不要轻视对手#25日凌晨3点，巴西迎来卡塔尔世界杯首战，巴西迎战塞尔维亚。巴西与塞尔维亚、瑞士、喀麦隆同组。赛前，@NeymarJr发博强调不要轻视对手；在此前的比赛中，阿根廷1比2爆冷沙特，德国1比2不敌日本。关于如今的这支巴西队，巴西传奇后卫卡福此前接受采访表示：“我认为今年巴西会赢得世界杯，这是自2002年以来球队最强大的阵容，这支球队并不像过去那样过于依赖内马尔，巴西在各个方面都很强：防线、中场和锋线，都很出色。二十年没有赢得世界杯冠军，甚至没有进入决赛，这样的时间对巴西来说太长了，我相信这一切会在卡塔尔结束。”#内马尔#内马尔LFIFA世界杯的微博视频,"内马尔强调不要轻视对手,内马尔",0,3,17,2022/11/24 11:53
4.8393E+15,6066460990,独步无尘君,风萧萧兮易水寒――气温骤降，冷啊，连火热的卡塔尔世界杯都爆冷。昨晚男模球队德国居然拿着阿根廷的剧本上场，同样上半场点球领先，同样越位进球被吹，同样下半场被亚洲球队（日本）连进两球逆转，爆出大冷门。果然亚洲无弱旅（除了咱国足）！赛后随队主厨曝出日本队进球和取胜的秘笈：酱油，我用中国老抽！扎心了，难道国足吃的是进口酱油（还有海参）？,,0,4,3,2022/11/24 11:53
4.8393E+15,3908786319,AFC亚洲杯,"""足球，团结世界。""#世界杯上的亚洲时刻##2022卡塔尔世界杯##世界杯##德国1比2日本#","世界杯上的亚洲时刻,2022卡塔尔世界杯,世界杯,德国1比2日本",1,1,12,2022/11/24 11:52
4.8393E+15,3268047813,人民法院报,【#90后干部因赌球欠债近2000万#】24日，中央纪委国家监委网站发文：眼下，2022年卡塔尔世界杯激战正酣，多地公安机关发布提示信息，呼吁网友远离网络赌球。记者梳理纪检监察机关近年来查处的违纪违法案例发现，因赌球迷失信仰、坠入贪腐深渊的党员干部并不鲜见。“90后”干部钟桢就因赌球欠债近2000万元，仅打印其流水账目就使用了近两包A4纸。后其面对催债压力，通过违规开具“无房证明”等手段，收取房产中介及其客户的“好处费”，给国家税收造成严重损失。铲除赌球等歪风邪气的生存土壤，加强对年轻干部教育管理监督，依然任重道远。（中央纪委国家监委网站）,90后干部因赌球欠债近2000万,5,1,8,2022/11/24 11:52
4.8393E+15,6250222861,倘若硪成为过去,#加纳球衣撞衫外卖小哥#刚刚观看了加纳队员赛前训练视频和中文送祝福视频，仿佛看到了美团外卖小哥在训练场上踢球呢美团外卖，送啥都快，当然进球更快相信加纳在卡塔尔世界杯一定会取得好成绩美团外卖小哥，一定加油哟！,加纳球衣撞衫外卖小哥,0,0,0,2022/11/24 11:52
4.8393E+15,7490225604,研旧所,大家知不知道现代足球的前身是什么呢？就是中国的“蹴鞠”，蹴鞠由阿拉伯人传到了欧洲，逐渐演变为现代足球。今天我们就来还原一个可以吃的古代足球，蹴鞠汤圆。用美食来讲述现代足球的前世今生！#中国足球##中国蹴鞠走进卡塔尔世界杯#世界杯世界杯#给视频加buff##亿点曝光计划#L研旧所的微博视频,"中国足球,中国蹴鞠走进卡塔尔世界杯,给视频加buff,亿点曝光计划",0,0,1,2022/11/24 11:52
4.8393E+15,6244553417,今日俄罗斯RT,【#2022卡塔尔世界杯日本逆袭德国#柏林球迷惊呆了#】11月23日，2022年卡塔尔世界杯E组小组赛，日本队在下半场10分钟内连进两球，2:1反超德国队，德国柏林球迷对此感到震惊。德国队将在28日迎战2010年世界杯冠军西班牙队，如果再次失利，德国队就可能会在小组赛出局，重蹈在2018年俄罗斯世界杯的覆辙。日本队将于27日迎战哥斯达黎加队。L今日俄罗斯RT的微博视频,2022卡塔尔世界杯日本逆袭德国,3,30,246,2022/11/24 11:52
4.8393E+15,1170655442,欧比王Kenobi,2022卡塔尔足球世界杯#卡塔尔世界杯##laeeb##拉伊卜#越看越可爱了L欧比王Kenobi的微博视频,"卡塔尔世界杯,laeeb,拉伊卜",0,0,1,2022/11/24 11:52
4.8393E+15,6166914822,用户6166914822,#加纳球衣撞衫外卖小哥#什么？！加纳球衣撞衫外卖小哥！太有喜感了！不仔细看还以为美团外卖也参与卡塔尔世界杯，一群外卖小哥在赛场踢足球呢！他们中文讲得很好，为加纳球队加油???！美团皮肤国际版上线了！外卖小哥加油！???,加纳球衣撞衫外卖小哥,0,0,0,2022/11/24 11:51
